frame,throttle,steer,brake
32751,0.0,0.0,0.0
32752,0.0,0.0,0.0
32753,0.699999988079071,-4.187500599073246e-05,0.0
32754,0.699999988079071,-4.189824903733097e-05,0.0
32755,0.699999988079071,-4.1935443732654676e-05,0.0
32756,0.699999988079071,-4.035759047837928e-05,0.0
32757,0.699999988079071,-4.0388880734099075e-05,0.0
32758,0.699999988079071,-4.041123247588985e-05,0.0
32759,0.699999988079071,-4.1511415474815294e-05,0.0
32760,0.699999988079071,-4.099768557352945e-05,0.0
32761,0.699999988079071,-4.1020335629582405e-05,0.0
32762,0.699999988079071,-4.157960574957542e-05,0.0
32763,0.699999988079071,-4.1065930417971686e-05,0.0
32764,0.699999988079071,-4.109310975763947e-05,0.0
32765,0.699999988079071,-4.166156213614158e-05,0.0
32766,0.699999988079071,-4.2221188778057694e-05,0.0
32767,0.699999988079071,-4.2781055526575074e-05,0.0
32768,0.699999988079071,-4.3345986341591924e-05,0.0
32769,0.699999988079071,-4.391610491438769e-05,0.0
32770,0.699999988079071,-4.340833402238786e-05,0.0
32771,0.699999988079071,-4.3983280193060637e-05,0.0
32772,0.699999988079071,-4.508560959948227e-05,0.0
32773,0.699999988079071,-4.564696428133175e-05,0.0
32774,0.699999988079071,-4.567700671032071e-05,0.0
32775,0.699999988079071,-4.570704550133087e-05,0.0
32776,0.699999988079071,-4.574209378915839e-05,0.0
32777,0.699999988079071,-4.684549639932811e-05,0.0
32778,0.699999988079071,-4.634463766706176e-05,0.0
32779,0.699999988079071,-4.6911714889574796e-05,0.0
32780,0.699999988079071,-4.6942474000388756e-05,0.0
32781,0.699999988079071,-4.69783553853631e-05,0.0
32782,0.699999988079071,-4.647242894861847e-05,0.0
32783,0.699999988079071,-4.597115548676811e-05,0.0
32784,0.699999988079071,-4.600620377459563e-05,0.0
32785,0.699999988079071,-4.713022644864395e-05,0.0
32786,0.699999988079071,-4.664450898417272e-05,0.0
32787,0.699999988079071,-4.7262845328077674e-05,0.0
32788,0.699999988079071,-4.7298730351030827e-05,0.0
32789,0.699999988079071,-4.7866164095466956e-05,0.0
32790,0.699999988079071,-4.735541369882412e-05,0.0
32791,0.699999988079071,-4.7386169171659276e-05,0.0
32792,0.699999988079071,-4.741692464449443e-05,0.0
32793,0.699999988079071,-4.744255420519039e-05,0.0
32794,0.699999988079071,-4.747331331600435e-05,0.0
32795,0.699999988079071,-4.7504068788839504e-05,0.0
32796,0.699999988079071,-4.753482426167466e-05,0.0
32797,0.699999988079071,-4.756557973450981e-05,0.0
32798,0.699999988079071,-5.5652559240115806e-05,0.0
32799,0.699999988079071,-8.522468851879239e-05,0.0
32800,0.699999988079071,-0.00014114171790424734,0.0
32801,0.699999988079071,-0.00021103411563672125,0.0
32802,0.699999988079071,-0.00029707522480748594,0.0
32803,0.699999988079071,-0.000366584601579234,0.0
32804,0.699999988079071,-0.0004211311461403966,0.0
32805,0.699999988079071,-0.0004558117361739278,0.0
32806,0.699999988079071,-0.0004744150792248547,0.0
32807,0.699999988079071,-0.0004790225066244602,0.0
32808,0.699999988079071,-0.00047676099347881973,0.0
32809,0.699999988079071,-0.0004583931004162878,0.0
32810,0.699999988079071,-0.00043947171070612967,0.0
32811,0.699999988079071,-0.00042165303602814674,0.0
32812,0.699999988079071,0.00038746523205190897,0.0
32813,0.699999988079071,0.00036906785680912435,0.0
32814,0.699999988079071,0.0003388026379980147,0.0
32815,0.699999988079071,0.0003213210729882121,0.0
32816,0.699999988079071,-0.0002752201398834586,0.0
32817,0.699999988079071,-0.00022819775040261447,0.0
32818,0.699999988079071,-0.00023905563284642994,0.0
32819,0.699999988079071,-0.00024455206585116684,0.0
32820,0.699999988079071,-0.0002474492066539824,0.0
32821,0.699999988079071,0.00024082273012027144,0.0
32822,0.699999988079071,0.00022542280203197151,0.0
32823,0.699999988079071,0.00018856674432754517,0.0
32824,0.699999988079071,0.0001597147638676688,0.0
32825,0.699999988079071,0.0001426667586201802,0.0
32826,0.699999988079071,0.00012991421681363136,0.0
32827,0.699999988079071,0.00012141674960730597,0.0
32828,0.699999988079071,0.0001182939377031289,0.0
32829,0.699999988079071,0.00011408203863538802,0.0
32830,0.699999988079071,0.00011040395474992692,0.0
32831,0.699999988079071,0.00010833340638782829,0.0
32832,0.699999988079071,-0.00011699754395522177,0.0
32833,0.699999988079071,-0.00011491370241856202,0.0
32834,0.699999988079071,-0.00011661011376418173,0.0
32835,0.699999988079071,-0.00011723447096301243,0.0
32836,0.699999988079071,-0.00011627394269453362,0.0
32837,0.699999988079071,-0.00011692292173393071,0.0
32838,0.699999988079071,-0.00010682386346161366,0.0
32839,0.699999988079071,-9.565228538122028e-05,0.0
32840,0.699999988079071,-8.82375898072496e-05,0.0
32841,0.699999988079071,-8.186966442735866e-05,0.0
32842,0.699999988079071,-7.764393376419321e-05,0.0
32843,0.699999988079071,-7.662719872314483e-05,0.0
32844,0.699999988079071,-7.455164450220764e-05,0.0
32845,0.699999988079071,-7.459807966370136e-05,0.0
32846,0.699999988079071,-8.377689664484933e-05,0.0
32847,0.6908623576164246,-8.543951116735116e-05,0.0
32848,0.6724737286567688,-8.175343828042969e-05,0.0
32849,0.6527313590049744,-7.967442797962576e-05,0.0
32850,0.6344018578529358,-9.046721970662475e-05,0.0
32851,0.614070475101471,-0.00010178364027524367,0.0
32852,0.5954622030258179,-0.00010827673395397142,0.0
32853,0.5795974135398865,-0.00011478555825306103,0.0
32854,0.5639466643333435,-0.00011487067968118936,0.0
32855,0.547619640827179,-0.00011441905371611938,0.0
32856,0.5319114923477173,-0.00011610169167397544,0.0
32857,0.5163772702217102,-0.00011779786291299388,0.0
32858,0.5027645230293274,-0.00011412788444431499,0.0
32859,0.48940587043762207,-0.00010937000479316339,0.0
32860,0.47601330280303955,-0.00010784030746435747,0.0
32861,0.4649040699005127,-0.0001030781349982135,0.0
32862,0.454184353351593,-0.00010152204049518332,0.0
32863,0.44434690475463867,-9.514552948530763e-05,0.0
32864,0.4351312518119812,-9.359467367175967e-05,0.0
32865,0.4268014430999756,-8.774948946665972e-05,0.0
32866,0.41854602098464966,-8.565712778363377e-05,0.0
32867,0.41088008880615234,-7.979841029737145e-05,0.0
32868,0.4036206007003784,-7.770067895762622e-05,0.0
32869,0.3965962529182434,-7.292551890714094e-05,0.0
32870,0.3900657296180725,-6.867594493087381e-05,0.0
32871,0.38385701179504395,-6.604725786019117e-05,0.0
32872,0.37749606370925903,-6.073761323932558e-05,0.0
32873,0.3711702227592468,-6.0272814152995124e-05,0.0
32874,0.3647955656051636,-5.819618672830984e-05,0.0
32875,0.3574698567390442,-5.181038432056084e-05,0.0
32876,0.3508393168449402,-4.7556044592056423e-05,0.0
32877,0.3457109332084656,-4.5973003580002114e-05,0.0
32878,0.34133583307266235,-4.3852389353560284e-05,0.0
32879,0.3373680114746094,-4.3340383854229e-05,0.0
32880,0.3340591788291931,-4.765814446727745e-05,0.0
32881,0.33100181818008423,-4.5538363337982446e-05,0.0
32882,0.3283497095108032,-4.4494925532490015e-05,0.0
32883,0.3256901502609253,-4.345065099187195e-05,0.0
32884,0.32294631004333496,-4.186492878943682e-05,0.0
32885,0.3204428553581238,-4.02818332077004e-05,0.0
32886,0.3181822896003723,-3.976732477894984e-05,0.0
32887,0.31578969955444336,-3.711211320478469e-05,0.0
32888,0.31346601247787476,-3.7135476304683834e-05,0.0
32889,0.3122674822807312,-3.447180279181339e-05,0.0
32890,0.31326234340667725,-3.395336170797236e-05,0.0
32891,0.309745728969574,-3.23668064083904e-05,0.0
32892,0.3080260157585144,-3.077357541769743e-05,0.0
32893,0.30977940559387207,-2.8647358703892678e-05,0.0
32894,0.3121050000190735,-2.920323095167987e-05,0.0
32895,0.3183809518814087,-2.653663614182733e-05,0.0
32896,0.3097728490829468,-2.5478177121840417e-05,0.0
32897,0.30627262592315674,-2.710496846702881e-05,0.0
32898,0.3028392195701599,-2.552032128733117e-05,0.0
32899,0.30137336254119873,-2.662085898919031e-05,0.0
32900,0.29904335737228394,-2.7181442419532686e-05,0.0
32901,0.30575352907180786,1.0919935448328033e-05,0.0
32902,0.30400097370147705,9.322053301730193e-06,0.0
32903,0.3033744692802429,8.798247108643409e-06,0.0
32904,0.3048192262649536,7.737284249742515e-06,0.0
32905,0.308119535446167,7.747295967419632e-06,0.0
32906,0.31023865938186646,6.68394841341069e-06,0.0
32907,0.3014677166938782,7.766606358927675e-06,0.0
32908,0.29823559522628784,6.703258350171382e-06,0.0
32909,0.29865968227386475,7.787584763718769e-06,0.0
32910,0.2996850609779358,-2.2256494048633613e-05,0.0
32911,0.29991215467453003,-2.1729827494709753e-05,0.0
32912,0.30086004734039307,-2.1204352378845215e-05,0.0
32913,0.3002896308898926,-2.2287129468168132e-05,0.0
32914,0.3002036213874817,-2.176207271986641e-05,0.0
32915,0.30049270391464233,6.673872121609747e-06,0.0
32916,0.3019558787345886,-2.1228848709142767e-05,0.0
32917,0.3037017583847046,5.600276381301228e-06,0.0
32918,0.3037523031234741,5.073489774076734e-06,0.0
32919,0.30452460050582886,6.1537048168247566e-06,0.0
32920,0.30500656366348267,5.628827693726635e-06,0.0
32921,0.30467844009399414,5.100670477986569e-06,0.0
32922,0.30405426025390625,5.644206339638913e-06,0.0
32923,0.30370718240737915,5.652790605381597e-06,0.0
32924,0.302717924118042,-2.010070784308482e-05,0.0
32925,0.30143553018569946,-2.0645971744670533e-05,0.0
32926,0.3007048964500427,-2.065491207758896e-05,0.0
32927,0.30002641677856445,-2.0127174138906412e-05,0.0
32928,0.2994113862514496,-2.1210547856753692e-05,0.0
32929,0.29926833510398865,-2.1221394490567036e-05,0.0
32930,0.3005131483078003,-2.0157332983217202e-05,0.0
32931,0.30107879638671875,7.206384907476604e-06,0.0
32932,0.3008221387863159,6.147150998003781e-06,0.0
32933,0.29742419719696045,7.229452876345022e-06,0.0
32934,0.2913692891597748,7.780794476275332e-06,0.0
32935,0.29021555185317993,8.866076314006932e-06,0.0
32936,0.28595393896102905,-2.439736999804154e-05,0.0
32937,0.2841693162918091,-2.494745967851486e-05,0.0
32938,0.2867656648159027,-2.4957294954219833e-05,0.0
32939,0.28702789545059204,9.378438335261308e-06,0.0
32940,0.2885770797729492,9.928111467161216e-06,0.0
32941,0.29063522815704346,2.4429922632407397e-05,0.0
32942,0.295655757188797,3.840470890281722e-05,0.0
32943,0.2958136796951294,9.532320837024599e-05,0.0
32944,0.2966654598712921,0.00014905953139532357,0.0
32945,0.29744184017181396,0.00042670624679885805,0.0
32946,0.29672789573669434,0.0005939212860539556,0.0
32947,0.2999762296676636,0.0010306425392627716,0.0
32948,0.3007349967956543,0.0020370720885694027,0.0
32949,0.29953905940055847,0.002570569282397628,0.0
32950,0.29976141452789307,0.0037806027103215456,0.0
32951,0.3001830577850342,0.005366926547139883,0.0
32952,0.2994828224182129,0.007382798939943314,0.0
32953,0.29892581701278687,0.00874996092170477,0.0
32954,0.29881155490875244,0.011575605720281601,0.0
32955,0.2987504005432129,0.01663508079946041,0.0
32956,0.29822757840156555,0.019047560170292854,0.0
32957,0.29623711109161377,0.02376794070005417,0.0
32958,0.2956666946411133,0.029180653393268585,0.0
32959,0.29610010981559753,0.035368286073207855,0.0
32960,0.29633814096450806,0.03916313499212265,0.0
32961,0.2974189519882202,0.05004540830850601,0.0
32962,0.29885321855545044,0.05849391967058182,0.0
32963,0.29213589429855347,0.07253459095954895,0.0
32964,0.2949730157852173,0.08301491290330887,0.0
32965,0.29320788383483887,0.09949319809675217,0.0
32966,0.29154014587402344,0.1110905259847641,0.0
32967,0.29167288541793823,0.12958422303199768,0.0
32968,0.29404574632644653,0.13449065387248993,0.0
32969,0.2956961393356323,0.14596012234687805,0.0
32970,0.3000980019569397,0.16443543136119843,0.0
32971,0.29926735162734985,0.1672048568725586,0.0
32972,0.30176806449890137,0.1761714071035385,0.0
32973,0.30146998167037964,0.1838666796684265,0.0
32974,0.3048466444015503,0.19969062507152557,0.0
32975,0.30500656366348267,0.19918423891067505,0.0
32976,0.3068539500236511,0.21777020394802094,0.0
32977,0.30872654914855957,0.2269960194826126,0.0
32978,0.3128439784049988,0.2464085966348648,0.0
32979,0.31806033849716187,0.2544172704219818,0.0
32980,0.3239280581474304,0.2613910734653473,0.0
32981,0.32882875204086304,0.28172165155410767,0.0
32982,0.33429086208343506,0.28773391246795654,0.0
32983,0.32824087142944336,0.30846792459487915,0.0
32984,0.32951050996780396,0.31360965967178345,0.0
32985,0.3289966583251953,0.3341365456581116,0.0
32986,0.33320873975753784,0.3382752537727356,0.0
32987,0.33851027488708496,0.12606559693813324,0.0
32988,0.33842867612838745,0.12385746091604233,0.0
32989,0.3381462097167969,0.12768852710723877,0.0
32990,0.3028823733329773,0.40579456090927124,0.0
32991,0.28727656602859497,0.48546379804611206,0.0
32992,0.283491849899292,0.5864230394363403,0.0
32993,0.29035305976867676,0.6387737393379211,0.0
32994,0.304340660572052,0.7137985229492188,0.0
32995,0.32846546173095703,0.7844154238700867,0.0
32996,0.36682653427124023,0.3571888506412506,0.0
32997,0.4144975543022156,0.37606942653656006,0.0
32998,0.46192121505737305,0.3441636860370636,0.0
32999,0.45548951625823975,0.37908491492271423,0.0
33000,0.4266173839569092,0.355879545211792,0.0
33001,0.40657907724380493,0.3923611044883728,0.0
33002,0.4039655923843384,0.40983104705810547,0.0
33003,0.39612096548080444,0.4335821866989136,0.0
33004,0.3984910845756531,0.47041553258895874,0.0
33005,0.4017995595932007,0.471540629863739,0.0
33006,0.40790265798568726,0.5032026767730713,0.0
33007,0.4190513491630554,0.4920731484889984,0.0
33008,0.42352044582366943,0.5146244764328003,0.0
33009,0.43252629041671753,0.49825772643089294,0.0
33010,0.4337499737739563,0.47983884811401367,0.0
33011,0.43940842151641846,0.4919746518135071,0.0
33012,0.4370877146720886,0.4994557201862335,0.0
33013,0.42997032403945923,0.4750111997127533,0.0
33014,0.428244411945343,0.44964373111724854,0.0
33015,0.4279695749282837,0.4531962275505066,0.0
33016,0.41975468397140503,0.434592604637146,0.0
33017,0.4078519940376282,0.40846288204193115,0.0
33018,0.40125036239624023,0.40578627586364746,0.0
33019,0.3919612169265747,0.3819736838340759,0.0
33020,0.3798390030860901,0.38202565908432007,0.0
33021,0.37106138467788696,0.3766173720359802,0.0
33022,0.36006391048431396,0.35471153259277344,0.0
33023,0.35370802879333496,0.3361440896987915,0.0
33024,0.3478041887283325,0.3320402204990387,0.0
33025,0.33919626474380493,0.327982097864151,0.0
33026,0.33035486936569214,0.4460744261741638,0.0
33027,0.3248928189277649,0.43826624751091003,0.0
33028,0.3205278515815735,0.4168927073478699,0.0
33029,0.3332301378250122,0.3978516459465027,0.0
33030,0.3483061194419861,0.277741938829422,0.0
33031,0.35150420665740967,0.25336554646492004,0.0
33032,0.34900498390197754,0.24011489748954773,0.0
33033,0.2528623938560486,0.4354403614997864,0.0
33034,0.3128063678741455,0.2881813943386078,0.0
33035,0.3026818037033081,0.27963554859161377,0.0
33036,0.3056706190109253,0.2644035220146179,0.0
33037,0.30548787117004395,0.24869611859321594,0.0
33038,0.3032311201095581,0.23740191757678986,0.0
33039,0.29928484559059143,0.2271752655506134,0.0
33040,0.2945924401283264,0.21234288811683655,0.0
33041,0.2886490225791931,0.18925239145755768,0.0
33042,0.28647562861442566,0.17721900343894958,0.0
33043,0.2853395640850067,0.16652563214302063,0.0
33044,0.2833455204963684,0.150838702917099,0.0
33045,0.28175169229507446,0.14419108629226685,0.0
33046,0.2795001268386841,0.13631382584571838,0.0
33047,0.277773380279541,0.13107949495315552,0.0
33048,0.2764262557029724,0.1270802617073059,0.0
33049,0.27440473437309265,0.12386304140090942,0.0
33050,0.27353352308273315,0.11692758649587631,0.0
33051,0.27368831634521484,0.11392121016979218,0.0
33052,0.27296850085258484,0.11143716424703598,0.0
33053,0.27234727144241333,0.10870963335037231,0.0
33054,0.2719104290008545,0.1043073982000351,0.0
33056,0.2724798321723938,0.09715993702411652,0.0
33057,0.2724798321723938,0.09720294177532196,0.0
33058,0.27573421597480774,0.09430697560310364,0.0
33059,0.27464768290519714,0.08903291076421738,0.0
33060,0.27569103240966797,0.08774697780609131,0.0
33061,0.2773532271385193,0.08477731049060822,0.0
33062,0.2768939733505249,0.08291368186473846,0.0
33063,0.2784202992916107,0.0801975205540657,0.0
33064,0.2778521776199341,0.07849138975143433,0.0
33065,0.2786053717136383,0.0761362686753273,0.0
33066,0.2753627896308899,0.07379000633955002,0.0
33067,0.2739155888557434,0.07149999588727951,0.0
33068,0.27434343099594116,0.06905923783779144,0.0
33069,0.2758847773075104,0.0674365907907486,0.0
33070,0.2774187922477722,0.06574487686157227,0.0
33071,0.2790137529373169,0.06373755633831024,0.0
33072,0.2794242799282074,0.06226551532745361,0.0
33073,0.27957993745803833,0.060851000249385834,0.0
33074,0.27960705757141113,0.059453368186950684,0.0
33075,0.2811572551727295,0.05779989808797836,0.0
33076,0.2817196249961853,0.05644868314266205,0.0
33077,0.2833617031574249,0.05500371381640434,0.0
33078,0.28209924697875977,0.05379222333431244,0.0
33079,0.28122982382774353,0.05262633040547371,0.0
33080,0.28151971101760864,0.051354262977838516,0.0
33081,0.28061217069625854,0.05025366693735123,0.0
33082,0.2805539667606354,0.04917639493942261,0.0
33083,0.28110018372535706,0.048009853810071945,0.0
33084,0.28053760528564453,0.04694480076432228,0.0
33085,0.28005877137184143,0.04590164124965668,0.0
33086,0.27975010871887207,0.04505705460906029,0.0
33087,0.2801014184951782,0.04365600645542145,0.0
33088,0.2793704867362976,0.042680785059928894,0.0
33089,0.2784613370895386,0.041747406125068665,0.0
33090,0.27756771445274353,0.040974050760269165,0.0
33091,0.27669763565063477,0.040248457342386246,0.0
33092,0.2760518789291382,0.0395074300467968,0.0
33093,0.27564823627471924,0.03865956515073776,0.0
33094,0.275470495223999,0.03794984146952629,0.0
33095,0.27591270208358765,0.035681381821632385,0.0
33096,0.27586907148361206,0.03642401844263077,0.0
33097,0.27759894728660583,0.03569643199443817,0.0
33098,0.27792689204216003,0.03491782769560814,0.0
33099,0.2778633236885071,0.03431200981140137,0.0
33100,0.27793359756469727,0.03370797261595726,0.0
33101,0.2776434123516083,0.03314675763249397,0.0
33102,0.27844923734664917,0.032390378415584564,0.0
33103,0.279030442237854,0.03197065368294716,0.0
33104,0.2791566550731659,0.03128299489617348,0.0
33105,0.2785836458206177,0.030650831758975983,0.0
33106,0.27933451533317566,0.030237648636102676,0.0
33108,0.2821507453918457,0.028930842876434326,0.0
33109,0.2821507453918457,0.02893613465130329,0.0
33110,0.28193312883377075,0.02846914902329445,0.0
33111,0.2821118235588074,0.027446269989013672,0.0
33112,0.2826858460903168,0.026895105838775635,0.0
33113,0.28404638171195984,0.0265711210668087,0.0
33114,0.283829927444458,0.026064448058605194,0.0
33115,0.28299909830093384,0.025601930916309357,0.0
33116,0.2821517288684845,0.0253619235008955,0.0
33117,0.2817528247833252,0.024923233315348625,0.0
33118,0.28131645917892456,0.024520643055438995,0.0
33119,0.2809877097606659,0.024301303550601006,0.0
33120,0.2806693911552429,0.023928390815854073,0.0
33121,0.28232109546661377,0.023544706404209137,0.0
33122,0.2837182581424713,0.023262230679392815,0.0
33123,0.2830100357532501,0.022951731458306313,0.0
33124,0.28272050619125366,0.022718649357557297,0.0
33125,0.28287482261657715,0.022494904696941376,0.0
33126,0.2834687829017639,0.022233309224247932,0.0
33127,0.2848278284072876,0.022033819928765297,0.0
33128,0.28377580642700195,0.021828850731253624,0.0
33129,0.2830113470554352,0.021682312712073326,0.0
33130,0.2820683717727661,0.02155715599656105,0.0
33131,0.28130894899368286,0.0214399266988039,0.0
33132,0.28086477518081665,0.021314015612006187,0.0
33133,0.2807251214981079,0.02122672274708748,0.0
33134,0.2803157567977905,0.02116084098815918,0.0
33135,0.2800983190536499,0.0211147740483284,0.0
33136,0.28040093183517456,0.021067600697278976,0.0
33137,0.280915766954422,0.02104830928146839,0.0
33138,0.2812008857727051,0.02101719379425049,0.0
33139,0.28234463930130005,0.020986046642065048,0.0
33140,0.2830684185028076,0.02092534303665161,0.0
33141,0.28316307067871094,0.020787891000509262,0.0
33142,0.28283166885375977,0.020622920244932175,0.0
33143,0.2842513918876648,0.020432617515325546,0.0
33144,0.2859022915363312,0.020227646455168724,0.0
33145,0.2867574691772461,0.019969496876001358,0.0
33146,0.2873018980026245,0.01967894658446312,0.0
33147,0.2866072356700897,0.019373750314116478,0.0
33148,0.2865748703479767,0.019063515588641167,0.0
33149,0.28664109110832214,0.018681960180401802,0.0
33150,0.2872697114944458,0.018252160400152206,0.0
33151,0.285439133644104,0.017902538180351257,0.0
33152,0.28443825244903564,0.017470965161919594,0.0
33153,0.28398197889328003,0.016975294798612595,0.0
33154,0.28401386737823486,0.016469189897179604,0.0
33155,0.2835592031478882,0.01596277952194214,0.0
33156,0.2835274934768677,0.015389546751976013,0.0
33157,0.2831171154975891,0.014833701774477959,0.0
33158,0.28303831815719604,0.014214770868420601,0.0
33159,0.28319886326789856,0.01358368806540966,0.0
33160,0.28320491313934326,0.012923993170261383,0.0
33161,0.283296138048172,0.012228446081280708,0.0
33162,0.2834063172340393,0.011549582704901695,0.0
33163,0.2843375504016876,0.010758642107248306,0.0
33164,0.2844415307044983,0.009997937828302383,0.0
33165,0.2837703824043274,0.00773327611386776,0.0
33166,0.2850381135940552,0.006710873916745186,0.0
33167,0.2837759852409363,0.007748080417513847,0.0
33168,0.28339964151382446,0.006968090310692787,0.0
33169,0.28299206495285034,0.006327630952000618,0.0
33170,0.2830309569835663,0.005386088043451309,0.0
33171,0.2830043137073517,0.004706820473074913,0.0
33172,0.2830487787723541,0.004018990322947502,0.0
33173,0.28422361612319946,0.0030917655676603317,0.0
33174,0.28679296374320984,0.0021043960005044937,0.0
33175,0.2874125838279724,0.0007362272590398788,0.0
33176,0.285122275352478,-0.00018149614334106445,0.0
33177,0.28418681025505066,-0.0007807761430740356,0.0
33178,0.2836257219314575,-0.001316586509346962,0.0
33179,0.2825915217399597,-0.0021912362426519394,0.0
33180,0.2820032835006714,-0.002711653709411621,0.0
33181,0.28147587180137634,-0.003661682829260826,0.0
33182,0.28094878792762756,-0.004022419452667236,0.0
33183,0.2805525064468384,-0.004375334829092026,0.0
33184,0.2806893587112427,-0.0054495688527822495,0.0
33185,0.28065335750579834,-0.005402944982051849,0.0
33186,0.28054434061050415,-0.006020648404955864,0.0
33187,0.280755877494812,-0.006667096167802811,0.0
33188,0.28165358304977417,-0.0069817304611206055,0.0
33189,0.2830425500869751,-0.007660968229174614,0.0
33190,0.2856927514076233,-0.009664276614785194,0.0
33191,0.2830185294151306,-0.008421320468187332,0.0
33192,0.2828710675239563,-0.00897306576371193,0.0
33193,0.28487950563430786,-0.009186966344714165,0.0
33194,0.2850850224494934,-0.009708063676953316,0.0
33195,0.2848424017429352,-0.010196615010499954,0.0
33196,0.2840844690799713,-0.010624976828694344,0.0
33197,0.28332948684692383,-0.010524757206439972,0.0
33198,0.2832658886909485,-0.01100379228591919,0.0
33199,0.28333014249801636,-0.011418920010328293,0.0
33200,0.28264889121055603,-0.01122421957552433,0.0
33201,0.2821165919303894,-0.011548761278390884,0.0
33202,0.2818811535835266,-0.011905131861567497,0.0
33203,0.28173303604125977,-0.012821925804018974,0.0
33204,0.2821216583251953,-0.012626266106963158,0.0
33205,0.28242361545562744,-0.012370387092232704,0.0
33206,0.2827666103839874,-0.012094879522919655,0.0
33207,0.282708078622818,-0.012957623228430748,0.0
33208,0.2828937768936157,-0.013256724923849106,0.0
33209,0.2828439474105835,-0.013537226244807243,0.0
33210,0.2828584909439087,-0.013148751109838486,0.0
33211,0.28296294808387756,-0.013398520648479462,0.0
33212,0.2838992476463318,-0.012369297444820404,0.0
33213,0.2855225205421448,-0.013306088745594025,0.0
33214,0.2858400046825409,-0.012871075421571732,0.0
33215,0.28493770956993103,-0.012356555089354515,0.0
33216,0.2846970558166504,-0.01322939246892929,0.0
33217,0.2870880961418152,-0.011690700426697731,0.0
33218,0.2852659821510315,-0.012277010828256607,0.0
33219,0.28463345766067505,-0.012399092316627502,0.0
33220,0.283896803855896,-0.012518540024757385,0.0
33221,0.28384822607040405,-0.012025028467178345,0.0
33222,0.28452014923095703,-0.012230467051267624,0.0
33223,0.2840476930141449,-0.012356791645288467,0.0
33224,0.2836760878562927,-0.011770511046051979,0.0
33225,0.28423258662223816,-0.011960385367274284,0.0
33226,0.28374701738357544,-0.01205054484307766,0.0
33227,0.28332996368408203,-0.011427037417888641,0.0
33228,0.28317221999168396,-0.011540502309799194,0.0
33229,0.2836228013038635,-0.011696690693497658,0.0
33230,0.282981276512146,-0.011019505560398102,0.0
33231,0.2831459045410156,-0.011166729032993317,0.0
33232,0.28522855043411255,-0.010642487555742264,0.0
33233,0.2860325872898102,-0.01080714538693428,0.0
33234,0.2858158051967621,-0.010930050164461136,0.0
33235,0.2849743366241455,-0.010254431515932083,0.0
33236,0.284768670797348,-0.010373050346970558,0.0
33237,0.2869495749473572,-0.010606171563267708,0.0
33238,0.2859455943107605,-0.009941497817635536,0.0
33239,0.2851901352405548,-0.010776625946164131,0.0
33240,0.28440621495246887,-0.01083538867533207,0.0
33241,0.2854442000389099,-0.010281726717948914,0.0
33242,0.2852991819381714,-0.010371850803494453,0.0
33243,0.2842226028442383,-0.010367577895522118,0.0
33244,0.2834189236164093,-0.009599143639206886,0.0
33245,0.28281843662261963,-0.00962715595960617,0.0
33246,0.2824278473854065,-0.009666446596384048,0.0
33247,0.28178584575653076,-0.009647255763411522,0.0
33248,0.2812579274177551,-0.008864972740411758,0.0
33249,0.2800350785255432,-0.006504528224468231,0.0
33250,0.2831338047981262,-0.007608503103256226,0.0
33251,0.28806063532829285,-0.007705923169851303,0.0
33252,0.285342812538147,-0.007253892719745636,0.0
33253,0.2844248414039612,-0.007222304120659828,0.0
33254,0.2853339910507202,-0.007389012724161148,0.0
33255,0.2877570390701294,-0.006920633837580681,0.0
33256,0.28840315341949463,-0.007071826606988907,0.0
33257,0.2873789072036743,-0.006387297064065933,0.0
33258,0.28618186712265015,-0.006410006433725357,0.0
33259,0.2850564122200012,-0.006431644782423973,0.0
33260,0.28386998176574707,-0.006404636427760124,0.0
33261,0.2828741669654846,-0.006436629220843315,0.0
33262,0.28209826350212097,-0.005754390731453896,0.0
33263,0.2815394699573517,-0.005821634083986282,0.0
33264,0.2816274166107178,-0.006001818925142288,0.0
33265,0.2825784385204315,-0.005434691905975342,0.0
33266,0.2824128270149231,-0.0054902564734220505,0.0
33267,0.0,-0.024786364287137985,1.0
33268,0.0,-0.02407657355070114,1.0
33269,0.0,-0.02429385669529438,1.0
33270,0.0,-0.024062087759375572,1.0
33271,0.0,-0.02364737167954445,1.0
33272,0.0,-0.023150036111474037,1.0
33273,0.0,-0.030745286494493484,1.0
33274,0.0,-0.03005749173462391,1.0
33275,0.0,-0.027763646095991135,1.0
33276,0.0,-0.028463009744882584,1.0
33277,0.0,-0.0264522023499012,1.0
33278,0.0,-0.025518689304590225,1.0
33279,0.0,-0.024583566933870316,1.0
33280,0.0,-0.024673163890838623,1.0
33281,0.0,-0.02480567991733551,1.0
33282,0.0,-0.023887189105153084,1.0
33283,0.0,-0.02307438850402832,1.0
33284,0.0,-0.021241700276732445,1.0
33285,0.0,-0.021350072696805,1.0
33286,0.0,-0.02150673232972622,1.0
33287,0.0,-0.01980012096464634,1.0
33288,0.0,-0.019904201850295067,1.0
33289,0.0,-0.019118763506412506,1.0
33290,0.0,-0.019208360463380814,1.0
33291,0.0,-0.01928025111556053,1.0
33292,0.0,-0.019386477768421173,1.0
33293,0.0,-0.019474465399980545,1.0
33294,0.0,-0.019507192075252533,1.0
33295,0.0,-0.019438518211245537,1.0
33296,0.0,-0.019335510209202766,1.0
33297,0.0,-0.01920943334698677,1.0
33298,0.0,-0.01909998618066311,1.0
33299,0.0,-0.01899590529501438,1.0
33300,0.0,-0.018891287967562675,1.0
33301,0.0,-0.018799545243382454,1.0
33302,0.0,-0.018717460334300995,1.0
33303,0.0,-0.01860533282160759,1.0
33304,0.0,-0.018557047471404076,1.0
33305,0.0,-0.01852324791252613,1.0
33306,0.0,-0.018489984795451164,1.0
33307,0.0,-0.018465841189026833,1.0
33308,0.0,-0.01760582998394966,1.0
33309,0.0,-0.017592953518033028,1.0
33310,0.0,-0.01758168824017048,1.0
33311,0.0,-0.01757471263408661,1.0
33312,0.0,-0.017568811774253845,1.0
33313,0.0,-0.017564520239830017,1.0
33314,0.0,-0.01756344735622406,1.0
33315,0.0,-0.017556531354784966,1.0
33316,0.0,-0.01756022684276104,1.0
33318,0.0,-0.017561836168169975,1.0
33319,0.0,-0.017561836168169975,1.0
33320,0.0,-0.017561836168169975,1.0
33321,0.0,-0.017561836168169975,1.0
33322,0.0,-0.01756344735622406,1.0
33323,0.0,-0.01756291091442108,1.0
33324,0.0,-0.01756398379802704,1.0
33325,0.0,-0.01756398379802704,1.0
33326,0.0,-0.017564520239830017,1.0
33327,0.0,-0.017564520239830017,1.0
33328,0.0,-0.017565056681632996,1.0
33329,0.0,-0.017565593123435974,1.0
33330,0.0,-0.017565593123435974,1.0
33331,0.0,-0.017566129565238953,1.0
33332,0.0,-0.017566129565238953,1.0
33333,0.0,-0.017566129565238953,1.0
33334,0.0,-0.01756666600704193,1.0
33335,0.0,-0.017568275332450867,1.0
33336,0.0,-0.01756720244884491,1.0
33337,0.0,-0.017567738890647888,1.0
33338,0.0,-0.01756720244884491,1.0
33339,0.0,-0.01756720244884491,1.0
33340,0.0,-0.01756720244884491,1.0
33341,0.0,-0.01756720244884491,1.0
33342,0.0,-0.01756720244884491,1.0
33343,0.0,-0.01756666600704193,1.0
33344,0.0,-0.01756666600704193,1.0
33345,0.0,-0.01756720244884491,1.0
33346,0.0,-0.01756720244884491,1.0
33347,0.0,-0.01756720244884491,1.0
33348,0.0,-0.01756720244884491,1.0
33349,0.0,-0.01756720244884491,1.0
33350,0.0,-0.01756720244884491,1.0
33351,0.0,-0.01756720244884491,1.0
33352,0.0,-0.01756720244884491,1.0
33353,0.0,-0.01756720244884491,1.0
33354,0.0,-0.01756720244884491,1.0
33355,0.0,-0.01756720244884491,1.0
33356,0.0,-0.01756720244884491,1.0
33357,0.0,-0.01756720244884491,1.0
33358,0.0,-0.01756720244884491,1.0
33359,0.0,-0.01756720244884491,1.0
33360,0.0,-0.01756720244884491,1.0
33361,0.0,-0.01756720244884491,1.0
33362,0.0,-0.01756720244884491,1.0
33363,0.0,-0.01756720244884491,1.0
33364,0.0,-0.017563745379447937,1.0
33365,0.0,-0.017566129565238953,1.0
33366,0.0,-0.017566129565238953,1.0
33367,0.0,-0.01756666600704193,1.0
33369,0.0,-0.01756720244884491,1.0
33370,0.0,-0.01756720244884491,1.0
33371,0.0,-0.01756720244884491,1.0
33372,0.0,-0.01756720244884491,1.0
33373,0.0,-0.01756720244884491,1.0
33374,0.0,-0.017567738890647888,1.0
33375,0.0,-0.017567738890647888,1.0
33376,0.0,-0.017567738890647888,1.0
33377,0.0,-0.017567738890647888,1.0
33378,0.0,-0.017567738890647888,1.0
33379,0.0,-0.017567738890647888,1.0
33380,0.0,-0.01756720244884491,1.0
33381,0.0,-0.017567738890647888,1.0
33382,0.0,-0.017567738890647888,1.0
33383,0.0,-0.017567738890647888,1.0
33384,0.0,-0.017566010355949402,1.0
33385,0.0,-0.01756720244884491,1.0
33386,0.0,-0.01756720244884491,1.0
33387,0.0,-0.01756720244884491,1.0
33388,0.0,-0.01756720244884491,1.0
33389,0.0,-0.01756720244884491,1.0
33390,0.0,-0.01756720244884491,1.0
33391,0.0,-0.017567738890647888,1.0
33392,0.0,-0.017567738890647888,1.0
33393,0.0,-0.01756720244884491,1.0
33394,0.0,-0.01756720244884491,1.0
33395,0.0,-0.01756720244884491,1.0
33396,0.0,-0.01756720244884491,1.0
33397,0.0,-0.01756666600704193,1.0
33398,0.0,-0.01756666600704193,1.0
33399,0.0,-0.01756666600704193,1.0
33400,0.0,-0.01756666600704193,1.0
33401,0.0,-0.01756666600704193,1.0
33402,0.0,-0.01756720244884491,1.0
33403,0.0,-0.01756720244884491,1.0
33404,0.0,-0.017567738890647888,1.0
33405,0.0,-0.017567738890647888,1.0
33406,0.0,-0.017567738890647888,1.0
33407,0.0,-0.017567738890647888,1.0
33408,0.0,-0.017567738890647888,1.0
33409,0.0,-0.017567738890647888,1.0
33410,0.0,-0.017567738890647888,1.0
33411,0.0,-0.01756720244884491,1.0
33412,0.0,-0.01756720244884491,1.0
33413,0.0,-0.01756720244884491,1.0
33414,0.0,-0.01756720244884491,1.0
33415,0.0,-0.01756720244884491,1.0
33416,0.0,-0.01756720244884491,1.0
33417,0.0,-0.01756720244884491,1.0
33418,0.0,-0.01756720244884491,1.0
33419,0.0,-0.01756720244884491,1.0
33420,0.0,-0.01756720244884491,1.0
33421,0.0,-0.017567738890647888,1.0
33422,0.0,-0.017567738890647888,1.0
33423,0.0,-0.01756720244884491,1.0
33424,0.0,-0.01756720244884491,1.0
33425,0.0,-0.01756720244884491,1.0
33426,0.0,-0.01756720244884491,1.0
33427,0.0,-0.01756720244884491,1.0
33428,0.0,-0.01756720244884491,1.0
33429,0.0,-0.01756720244884491,1.0
33430,0.0,-0.01756720244884491,1.0
33431,0.0,-0.01756720244884491,1.0
33432,0.0,-0.01756720244884491,1.0
33433,0.0,-0.01756720244884491,1.0
33434,0.0,-0.01756720244884491,1.0
33435,0.0,-0.01756720244884491,1.0
33436,0.0,-0.01756720244884491,1.0
33437,0.0,-0.01756720244884491,1.0
33438,0.0,-0.01756720244884491,1.0
33439,0.0,-0.01756720244884491,1.0
33440,0.0,-0.01756720244884491,1.0
33441,0.0,-0.01756720244884491,1.0
33442,0.0,-0.01756720244884491,1.0
33443,0.0,-0.01756720244884491,1.0
33444,0.0,-0.01756720244884491,1.0
33445,0.0,-0.01756720244884491,1.0
33446,0.0,-0.01756720244884491,1.0
33448,0.0,-0.01756666600704193,1.0
33449,0.0,-0.01756720244884491,1.0
33450,0.0,-0.01756720244884491,1.0
33451,0.0,-0.01756720244884491,1.0
33452,0.0,-0.01756720244884491,1.0
33453,0.0,-0.01756720244884491,1.0
33454,0.0,-0.01756720244884491,1.0
33455,0.0,-0.01756720244884491,1.0
33456,0.0,-0.01756720244884491,1.0
33457,0.0,-0.01756666600704193,1.0
33458,0.0,-0.01756720244884491,1.0
33459,0.0,-0.01756720244884491,1.0
33460,0.0,-0.01756720244884491,1.0
33461,0.0,-0.01756666600704193,1.0
33462,0.0,-0.01756720244884491,1.0
33463,0.0,-0.01756720244884491,1.0
33464,0.0,-0.01756720244884491,1.0
33465,0.0,-0.01756720244884491,1.0
33466,0.0,-0.01756720244884491,1.0
33467,0.0,-0.01756720244884491,1.0
33468,0.0,-0.01756720244884491,1.0
33469,0.0,-0.01756720244884491,1.0
33470,0.0,-0.01756720244884491,1.0
33471,0.0,-0.01756720244884491,1.0
33472,0.0,-0.01756720244884491,1.0
33474,0.0,-0.01756720244884491,1.0
33475,0.0,-0.01756720244884491,1.0
33476,0.0,-0.01756720244884491,1.0
33477,0.0,-0.01756666600704193,1.0
33478,0.0,-0.017566129565238953,1.0
33479,0.0,-0.01756666600704193,1.0
33480,0.0,-0.01756666600704193,1.0
33481,0.0,-0.01756666600704193,1.0
33482,0.0,-0.01756666600704193,1.0
33483,0.0,-0.01756720244884491,1.0
33484,0.0,-0.01756720244884491,1.0
33485,0.0,-0.017567738890647888,1.0
33486,0.0,-0.017567738890647888,1.0
33487,0.0,-0.017567738890647888,1.0
33488,0.0,-0.017567738890647888,1.0
33489,0.0,-0.017567738890647888,1.0
33490,0.0,-0.017567738890647888,1.0
33491,0.0,-0.01756720244884491,1.0
33492,0.0,-0.01756720244884491,1.0
33493,0.0,-0.01756720244884491,1.0
33494,0.0,-0.01756720244884491,1.0
33495,0.0,-0.01756720244884491,1.0
33497,0.0,-0.01756720244884491,1.0
33498,0.0,-0.017565473914146423,1.0
33499,0.0,-0.01756666600704193,1.0
33500,0.0,-0.01756666600704193,1.0
33501,0.0,-0.01756720244884491,1.0
33502,0.0,-0.01756720244884491,1.0
33503,0.0,-0.01756720244884491,1.0
33504,0.0,-0.01756720244884491,1.0
33505,0.0,-0.01756720244884491,1.0
33506,0.0,-0.01756720244884491,1.0
33507,0.0,-0.01756720244884491,1.0
33508,0.0,-0.01756720244884491,1.0
33509,0.0,-0.01756720244884491,1.0
33510,0.0,-0.01756720244884491,1.0
33511,0.0,-0.01756720244884491,1.0
33512,0.0,-0.01756666600704193,1.0
33513,0.0,-0.01756720244884491,1.0
33514,0.0,-0.01756720244884491,1.0
33515,0.0,-0.01756720244884491,1.0
33516,0.0,-0.01756720244884491,1.0
33517,0.0,-0.01756720244884491,1.0
33518,0.0,-0.01756720244884491,1.0
33519,0.0,-0.017567738890647888,1.0
33520,0.0,-0.017567738890647888,1.0
33521,0.0,-0.017567738890647888,1.0
33522,0.0,-0.017567738890647888,1.0
33523,0.0,-0.017567738890647888,1.0
33524,0.0,-0.017567738890647888,1.0
33525,0.0,-0.017567738890647888,1.0
33526,0.0,-0.017567738890647888,1.0
33527,0.0,-0.01756720244884491,1.0
33528,0.0,-0.01756720244884491,1.0
33529,0.0,-0.01756720244884491,1.0
33530,0.0,-0.01756720244884491,1.0
33531,0.0,-0.01756720244884491,1.0
33532,0.0,-0.01756720244884491,1.0
33533,0.0,-0.01756720244884491,1.0
33534,0.0,-0.01756720244884491,1.0
33535,0.0,-0.01756720244884491,1.0
33536,0.0,-0.01756720244884491,1.0
33537,0.0,-0.01756720244884491,1.0
33539,0.0,-0.01756720244884491,1.0
33540,0.0,-0.01756720244884491,1.0
33541,0.0,-0.01756720244884491,1.0
33542,0.0,-0.01756666600704193,1.0
33543,0.0,-0.01756666600704193,1.0
33544,0.0,-0.01756666600704193,1.0
33545,0.0,-0.01756720244884491,1.0
33546,0.0,-0.01756720244884491,1.0
33547,0.0,-0.01756720244884491,1.0
33548,0.0,-0.01756720244884491,1.0
33549,0.0,-0.01756720244884491,1.0
33550,0.0,-0.01756720244884491,1.0
33551,0.0,-0.01756720244884491,1.0
33552,0.0,-0.01756720244884491,1.0
33553,0.0,-0.01756720244884491,1.0
33554,0.0,-0.01756720244884491,1.0
33555,0.0,-0.01756720244884491,1.0
33556,0.0,-0.01756720244884491,1.0
33557,0.0,-0.01756720244884491,1.0
33558,0.0,-0.017567738890647888,1.0
33559,0.0,-0.01756720244884491,1.0
33560,0.0,-0.01756720244884491,1.0
33561,0.0,-0.01756720244884491,1.0
33562,0.0,-0.01756720244884491,1.0
33563,0.0,-0.01756720244884491,1.0
33564,0.0,-0.01756720244884491,1.0
33565,0.0,-0.01756720244884491,1.0
33566,0.0,-0.01756720244884491,1.0
33567,0.0,-0.01756720244884491,1.0
33568,0.0,-0.01756720244884491,1.0
33569,0.0,-0.01756720244884491,1.0
33570,0.0,-0.01756720244884491,1.0
33571,0.0,-0.01756666600704193,1.0
33572,0.0,-0.01756666600704193,1.0
33573,0.0,-0.01756720244884491,1.0
33574,0.0,-0.01756720244884491,1.0
33575,0.0,-0.01756720244884491,1.0
33576,0.0,-0.01756720244884491,1.0
33577,0.0,-0.01756720244884491,1.0
33579,0.0,-0.01756720244884491,1.0
33580,0.0,-0.01756720244884491,1.0
33581,0.0,-0.01756720244884491,1.0
33582,0.0,-0.01756720244884491,1.0
33583,0.0,-0.01756720244884491,1.0
33584,0.0,-0.01756720244884491,1.0
33585,0.0,-0.01756720244884491,1.0
33586,0.0,-0.01756720244884491,1.0
33587,0.0,-0.01756720244884491,1.0
33588,0.0,-0.01756720244884491,1.0
33589,0.0,-0.01756720244884491,1.0
33590,0.0,-0.01756720244884491,1.0
33591,0.0,-0.01756720244884491,1.0
33592,0.0,-0.01756666600704193,1.0
33593,0.0,-0.01756720244884491,1.0
33594,0.0,-0.01756666600704193,1.0
33595,0.0,-0.01756666600704193,1.0
33596,0.0,-0.01756666600704193,1.0
33597,0.0,-0.01756720244884491,1.0
33598,0.0,-0.01756720244884491,1.0
33599,0.0,-0.01756720244884491,1.0
33600,0.0,-0.017567738890647888,1.0
33601,0.0,-0.017567738890647888,1.0
33602,0.0,-0.017567738890647888,1.0
33603,0.0,-0.017567738890647888,1.0
33604,0.0,-0.017567738890647888,1.0
33605,0.0,-0.01756720244884491,1.0
33606,0.0,-0.01756720244884491,1.0
33607,0.0,-0.01756720244884491,1.0
33608,0.0,-0.01756720244884491,1.0
33609,0.0,-0.01756720244884491,1.0
33610,0.0,-0.01756720244884491,1.0
33611,0.0,-0.01756666600704193,1.0
33613,0.0,-0.01756666600704193,1.0
33614,0.0,-0.01756666600704193,1.0
33615,0.0,-0.01756666600704193,1.0
33616,0.0,-0.017564937472343445,1.0
33617,0.0,-0.01756785809993744,1.0
33618,0.0,-0.01756666600704193,1.0
33619,0.0,-0.01756666600704193,1.0
33620,0.0,-0.01756666600704193,1.0
33621,0.0,-0.01756720244884491,1.0
33622,0.0,-0.01756720244884491,1.0
33624,0.0,-0.01756666600704193,1.0
33625,0.0,-0.01756666600704193,1.0
33626,0.0,-0.01756720244884491,1.0
33627,0.0,-0.01756666600704193,1.0
33628,0.0,-0.01756666600704193,1.0
33629,0.0,-0.01756666600704193,1.0
33630,0.0,-0.01756720244884491,1.0
33631,0.0,-0.01756720244884491,1.0
33632,0.0,-0.01756720244884491,1.0
33633,0.0,-0.01756720244884491,1.0
33634,0.0,-0.01756720244884491,1.0
33635,0.0,-0.01756720244884491,1.0
33636,0.0,-0.017567738890647888,1.0
33637,0.0,-0.01756720244884491,1.0
33638,0.0,-0.01756720244884491,1.0
33639,0.0,-0.01756720244884491,1.0
33640,0.0,-0.01756720244884491,1.0
33641,0.0,-0.01756720244884491,1.0
33642,0.0,-0.01756720244884491,1.0
33643,0.0,-0.01756666600704193,1.0
33644,0.0,-0.01756666600704193,1.0
33645,0.0,-0.01756666600704193,1.0
33646,0.0,-0.01756666600704193,1.0
33647,0.0,-0.01756720244884491,1.0
33648,0.0,-0.01756720244884491,1.0
33649,0.0,-0.01756720244884491,1.0
33650,0.0,-0.01756720244884491,1.0
33651,0.0,-0.01756720244884491,1.0
33652,0.0,-0.01756720244884491,1.0
33653,0.0,-0.01756720244884491,1.0
33654,0.0,-0.01756720244884491,1.0
33655,0.0,-0.01756720244884491,1.0
33656,0.0,-0.01756720244884491,1.0
33657,0.0,-0.017567738890647888,1.0
33658,0.0,-0.01756720244884491,1.0
33659,0.0,-0.01756720244884491,1.0
33660,0.0,-0.01756720244884491,1.0
33661,0.0,-0.01756720244884491,1.0
33662,0.0,-0.01756720244884491,1.0
33663,0.0,-0.01756720244884491,1.0
33664,0.0,-0.01756720244884491,1.0
33665,0.0,-0.01756720244884491,1.0
33666,0.0,-0.01756720244884491,1.0
33667,0.0,-0.01756666600704193,1.0
33668,0.0,-0.01756666600704193,1.0
33669,0.0,-0.01756666600704193,1.0
33670,0.0,-0.01756720244884491,1.0
33671,0.0,-0.01756720244884491,1.0
33672,0.0,-0.01756720244884491,1.0
33673,0.0,-0.01756720244884491,1.0
33674,0.0,-0.01756720244884491,1.0
33675,0.0,-0.01756720244884491,1.0
33676,0.0,-0.01756720244884491,1.0
33677,0.0,-0.01756720244884491,1.0
33679,0.0,-0.01756720244884491,1.0
33680,0.0,-0.01756720244884491,1.0
33681,0.0,-0.01756720244884491,1.0
33682,0.0,-0.01756666600704193,1.0
33683,0.0,-0.01756666600704193,1.0
33684,0.0,-0.01756666600704193,1.0
33685,0.0,-0.01756720244884491,1.0
33686,0.0,-0.01756720244884491,1.0
33687,0.0,-0.01756720244884491,1.0
33688,0.0,-0.01756720244884491,1.0
33689,0.0,-0.01756720244884491,1.0
33690,0.0,-0.01756720244884491,1.0
33691,0.0,-0.01756720244884491,1.0
33692,0.0,-0.01756720244884491,1.0
33693,0.0,-0.01756720244884491,1.0
33694,0.0,-0.01756720244884491,1.0
33695,0.0,-0.01756720244884491,1.0
33696,0.0,-0.01756666600704193,1.0
33697,0.0,-0.01756666600704193,1.0
33698,0.0,-0.01756666600704193,1.0
33699,0.0,-0.01756666600704193,1.0
33700,0.0,-0.01756666600704193,1.0
33701,0.0,-0.01756666600704193,1.0
33702,0.0,-0.01756666600704193,1.0
33703,0.0,-0.01756720244884491,1.0
33704,0.0,-0.01756720244884491,1.0
33705,0.0,-0.01756666600704193,1.0
33706,0.0,-0.01756720244884491,1.0
33707,0.0,-0.01756720244884491,1.0
33708,0.0,-0.01756720244884491,1.0
33709,0.0,-0.01756666600704193,1.0
33710,0.0,-0.01756720244884491,1.0
33711,0.0,-0.01756720244884491,1.0
33712,0.0,-0.01756720244884491,1.0
33713,0.0,-0.01756720244884491,1.0
33715,0.0,-0.01756720244884491,1.0
33716,0.0,-0.01756720244884491,1.0
33717,0.0,-0.01756720244884491,1.0
33718,0.0,-0.01756720244884491,1.0
33719,0.0,-0.01756720244884491,1.0
33720,0.0,-0.01756720244884491,1.0
33721,0.0,-0.01756720244884491,1.0
33722,0.0,-0.01756666600704193,1.0
33723,0.0,-0.01756720244884491,1.0
33724,0.0,-0.01756720244884491,1.0
33725,0.0,-0.01756720244884491,1.0
33726,0.0,-0.01756720244884491,1.0
33727,0.0,-0.01756720244884491,1.0
33728,0.0,-0.01756720244884491,1.0
33729,0.0,-0.01756720244884491,1.0
33730,0.0,-0.01756720244884491,1.0
33731,0.0,-0.01756720244884491,1.0
33732,0.0,-0.01756720244884491,1.0
33733,0.0,-0.01756720244884491,1.0
33734,0.0,-0.01756666600704193,1.0
33735,0.0,-0.01756720244884491,1.0
33736,0.0,-0.01756720244884491,1.0
33737,0.0,-0.01756666600704193,1.0
33738,0.0,-0.01756666600704193,1.0
33739,0.0,-0.01756720244884491,1.0
33740,0.0,-0.01756720244884491,1.0
33741,0.0,-0.01756720244884491,1.0
33742,0.0,-0.01756720244884491,1.0
33743,0.0,-0.01756720244884491,1.0
33744,0.0,-0.01756720244884491,1.0
33745,0.0,-0.017567738890647888,1.0
33746,0.0,-0.01756720244884491,1.0
33747,0.0,-0.01756666600704193,1.0
33748,0.0,-0.01756720244884491,1.0
33749,0.0,-0.01756666600704193,1.0
33750,0.0,-0.01756666600704193,1.0
33751,0.0,-0.01756666600704193,1.0
33752,0.0,-0.01756666600704193,1.0
33753,0.0,-0.01756720244884491,1.0
33754,0.0,-0.01756720244884491,1.0
33755,0.0,-0.01756720244884491,1.0
33756,0.0,-0.01756720244884491,1.0
33757,0.0,-0.017567738890647888,1.0
33758,0.0,-0.017567738890647888,1.0
33759,0.0,-0.017567738890647888,1.0
33760,0.0,-0.017567738890647888,1.0
33761,0.0,-0.01756720244884491,1.0
33762,0.0,-0.01756720244884491,1.0
33763,0.0,-0.01756720244884491,1.0
33764,0.0,-0.01756720244884491,1.0
33765,0.0,-0.01756720244884491,1.0
33766,0.0,-0.01756666600704193,1.0
33767,0.0,-0.01756666600704193,1.0
33768,0.0,-0.01756666600704193,1.0
33769,0.0,-0.01756666600704193,1.0
33770,0.0,-0.01756666600704193,1.0
33771,0.0,-0.01756666600704193,1.0
33772,0.0,-0.01756666600704193,1.0
33773,0.0,-0.01756720244884491,1.0
33774,0.0,-0.01756720244884491,1.0
33775,0.0,-0.01756720244884491,1.0
33776,0.0,-0.01756720244884491,1.0
33777,0.0,-0.01756720244884491,1.0
33778,0.0,-0.01756720244884491,1.0
33779,0.0,-0.01756720244884491,1.0
33780,0.0,-0.017567738890647888,1.0
33781,0.0,-0.01756720244884491,1.0
33782,0.0,-0.01756720244884491,1.0
33783,0.0,-0.01756720244884491,1.0
33784,0.0,-0.01756720244884491,1.0
33785,0.0,-0.01756720244884491,1.0
33786,0.0,-0.01756720244884491,1.0
33787,0.0,-0.01756720244884491,1.0
33788,0.0,-0.01756720244884491,1.0
33789,0.0,-0.01756720244884491,1.0
33790,0.0,-0.01756720244884491,1.0
33791,0.0,-0.01756720244884491,1.0
33792,0.0,-0.01756720244884491,1.0
33793,0.0,-0.01756720244884491,1.0
33794,0.0,-0.01756720244884491,1.0
33795,0.0,-0.01756720244884491,1.0
33796,0.0,-0.01756720244884491,1.0
33797,0.0,-0.01756720244884491,1.0
33798,0.0,-0.01756720244884491,1.0
33799,0.0,-0.01756720244884491,1.0
33800,0.0,-0.01756720244884491,1.0
33801,0.0,-0.01756666600704193,1.0
33802,0.0,-0.017566129565238953,1.0
33803,0.0,-0.01756666600704193,1.0
33804,0.0,-0.01756666600704193,1.0
33805,0.0,-0.01756720244884491,1.0
33806,0.0,-0.01756666600704193,1.0
33807,0.0,-0.01756666600704193,1.0
33808,0.0,-0.01756666600704193,1.0
33809,0.0,-0.01756666600704193,1.0
33810,0.0,-0.017566129565238953,1.0
33811,0.0,-0.01756666600704193,1.0
33812,0.0,-0.01756666600704193,1.0
33813,0.0,-0.01756666600704193,1.0
33814,0.0,-0.01756720244884491,1.0
33815,0.0,-0.01756720244884491,1.0
33816,0.0,-0.017567738890647888,1.0
33817,0.0,-0.017567738890647888,1.0
33818,0.0,-0.017567738890647888,1.0
33819,0.0,-0.01756720244884491,1.0
33821,0.0,-0.01756720244884491,1.0
33822,0.0,-0.01756720244884491,1.0
33823,0.0,-0.01756720244884491,1.0
33824,0.0,-0.01756720244884491,1.0
33825,0.0,-0.01756720244884491,1.0
33826,0.0,-0.01756720244884491,1.0
33827,0.0,-0.01756720244884491,1.0
33828,0.0,-0.01756666600704193,1.0
33829,0.0,-0.01756666600704193,1.0
33830,0.0,-0.01756666600704193,1.0
33831,0.0,-0.01756666600704193,1.0
33832,0.0,-0.01756666600704193,1.0
33833,0.0,-0.01756720244884491,1.0
33834,0.0,-0.01756720244884491,1.0
33835,0.0,-0.01756720244884491,1.0
33836,0.0,-0.01756720244884491,1.0
33837,0.0,-0.01756720244884491,1.0
33838,0.0,-0.01756720244884491,1.0
33839,0.0,-0.01756720244884491,1.0
33840,0.0,-0.01756720244884491,1.0
33841,0.0,-0.01756720244884491,1.0
33842,0.0,-0.01756720244884491,1.0
33843,0.0,-0.01756720244884491,1.0
33844,0.0,-0.01756666600704193,1.0
33845,0.0,-0.01756666600704193,1.0
33846,0.0,-0.01756720244884491,1.0
33847,0.0,-0.01756720244884491,1.0
33849,0.0,-0.01756720244884491,1.0
33850,0.0,-0.01756720244884491,1.0
33851,0.0,-0.01756720244884491,1.0
33852,0.0,-0.01756720244884491,1.0
33853,0.0,-0.01756720244884491,1.0
33854,0.0,-0.01756720244884491,1.0
33855,0.0,-0.01756720244884491,1.0
33856,0.0,-0.01756666600704193,1.0
33857,0.0,-0.01756720244884491,1.0
33858,0.0,-0.01756666600704193,1.0
33859,0.0,-0.01756666600704193,1.0
33860,0.0,-0.01756666600704193,1.0
33861,0.0,-0.01756666600704193,1.0
33862,0.0,-0.01756720244884491,1.0
33863,0.0,-0.01756666600704193,1.0
33864,0.0,-0.01756666600704193,1.0
33865,0.0,-0.01756720244884491,1.0
33866,0.0,-0.01756720244884491,1.0
33867,0.0,-0.01756720244884491,1.0
33868,0.0,-0.01756720244884491,1.0
33869,0.0,-0.01756720244884491,1.0
33870,0.0,-0.01756720244884491,1.0
33871,0.0,-0.01756720244884491,1.0
33872,0.0,-0.01756666600704193,1.0
33873,0.0,-0.01756666600704193,1.0
33874,0.0,-0.01756720244884491,1.0
33875,0.0,-0.01756720244884491,1.0
33876,0.0,-0.01756720244884491,1.0
33877,0.0,-0.01756720244884491,1.0
33878,0.0,-0.01756720244884491,1.0
33879,0.0,-0.01756720244884491,1.0
33880,0.0,-0.01756720244884491,1.0
33881,0.0,-0.01756720244884491,1.0
33882,0.0,-0.01756720244884491,1.0
33883,0.0,-0.01756720244884491,1.0
33884,0.0,-0.01756720244884491,1.0
33885,0.0,-0.01756720244884491,1.0
33886,0.0,-0.01756720244884491,1.0
33887,0.0,-0.01756720244884491,1.0
33888,0.0,-0.01756720244884491,1.0
33889,0.0,-0.01756720244884491,1.0
33890,0.0,-0.01756666600704193,1.0
33891,0.0,-0.01756666600704193,1.0
33892,0.0,-0.01756720244884491,1.0
33893,0.0,-0.01756720244884491,1.0
33894,0.0,-0.01756720244884491,1.0
33895,0.0,-0.01756720244884491,1.0
33896,0.0,-0.01756666600704193,1.0
33898,0.0,-0.01756666600704193,1.0
33899,0.0,-0.01756666600704193,1.0
33900,0.0,-0.01756666600704193,1.0
33901,0.0,-0.01756720244884491,1.0
33902,0.0,-0.01756720244884491,1.0
33903,0.0,-0.01756720244884491,1.0
33904,0.0,-0.01756666600704193,1.0
33905,0.0,-0.01756666600704193,1.0
33906,0.0,-0.017566129565238953,1.0
33907,0.0,-0.017566129565238953,1.0
33908,0.0,-0.017566129565238953,1.0
33909,0.0,-0.01756666600704193,1.0
33910,0.0,-0.01756720244884491,1.0
33911,0.0,-0.01756720244884491,1.0
33912,0.0,-0.01756720244884491,1.0
33913,0.0,-0.01756720244884491,1.0
33914,0.0,-0.01756720244884491,1.0
33915,0.0,-0.01756720244884491,1.0
33916,0.0,-0.01756720244884491,1.0
33917,0.0,-0.017567738890647888,1.0
33918,0.0,-0.017567738890647888,1.0
33919,0.0,-0.01756720244884491,1.0
33920,0.0,-0.01756720244884491,1.0
33921,0.0,-0.01756720244884491,1.0
33922,0.0,-0.01756720244884491,1.0
33923,0.0,-0.01756666600704193,1.0
33924,0.0,-0.017566129565238953,1.0
33925,0.0,-0.01756666600704193,1.0
33926,0.0,-0.01756666600704193,1.0
33927,0.0,-0.01756666600704193,1.0
33928,0.0,-0.01756666600704193,1.0
33929,0.0,-0.01756666600704193,1.0
33930,0.0,-0.01756720244884491,1.0
33931,0.0,-0.01756720244884491,1.0
33932,0.0,-0.01756720244884491,1.0
33933,0.0,-0.01756720244884491,1.0
33934,0.0,-0.01756720244884491,1.0
33935,0.0,-0.01756720244884491,1.0
33936,0.0,-0.01756720244884491,1.0
33937,0.0,-0.01756720244884491,1.0
33938,0.0,-0.01756720244884491,1.0
33939,0.0,-0.01756720244884491,1.0
33940,0.0,-0.01756720244884491,1.0
33941,0.0,-0.01756720244884491,1.0
33942,0.0,-0.01756666600704193,1.0
33943,0.0,-0.01756666600704193,1.0
33944,0.0,-0.01756720244884491,1.0
33945,0.0,-0.01756720244884491,1.0
33946,0.0,-0.01756666600704193,1.0
33947,0.0,-0.01756720244884491,1.0
33948,0.0,-0.01756720244884491,1.0
33949,0.0,-0.01756720244884491,1.0
33950,0.0,-0.01756720244884491,1.0
33951,0.0,-0.01756666600704193,1.0
33952,0.0,-0.01756666600704193,1.0
33953,0.0,-0.01756666600704193,1.0
33954,0.0,-0.01756666600704193,1.0
33955,0.0,-0.01756666600704193,1.0
33956,0.0,-0.01756720244884491,1.0
33957,0.0,-0.01756720244884491,1.0
33958,0.0,-0.01756720244884491,1.0
33959,0.0,-0.01756720244884491,1.0
33960,0.0,-0.01756720244884491,1.0
33961,0.0,-0.01756720244884491,1.0
33962,0.0,-0.017567738890647888,1.0
33963,0.0,-0.017567738890647888,1.0
33964,0.0,-0.01756720244884491,1.0
33965,0.0,-0.01756720244884491,1.0
33966,0.0,-0.01756720244884491,1.0
33967,0.0,-0.017565473914146423,1.0
33968,0.0,-0.01756666600704193,1.0
33969,0.0,-0.01756720244884491,1.0
33970,0.0,-0.01756720244884491,1.0
33971,0.0,-0.01756720244884491,1.0
33972,0.0,-0.01756720244884491,1.0
33973,0.0,-0.01756666600704193,1.0
33974,0.0,-0.01756666600704193,1.0
33975,0.0,-0.01756720244884491,1.0
33976,0.0,-0.01756720244884491,1.0
33977,0.0,-0.01756720244884491,1.0
33978,0.0,-0.01756720244884491,1.0
33979,0.0,-0.01756720244884491,1.0
33980,0.0,-0.01756720244884491,1.0
33981,0.0,-0.01756720244884491,1.0
33982,0.0,-0.01756720244884491,1.0
33983,0.0,-0.01756720244884491,1.0
33984,0.0,-0.01756720244884491,1.0
33985,0.0,-0.01756720244884491,1.0
33986,0.0,-0.01756720244884491,1.0
33987,0.0,-0.01756720244884491,1.0
33988,0.0,-0.01756720244884491,1.0
33989,0.0,-0.01756720244884491,1.0
33990,0.0,-0.01756720244884491,1.0
33991,0.0,-0.01756720244884491,1.0
33992,0.0,-0.01756720244884491,1.0
33993,0.0,-0.01756720244884491,1.0
33994,0.0,-0.01756720244884491,1.0
33995,0.0,-0.01756720244884491,1.0
33996,0.0,-0.01756720244884491,1.0
33997,0.0,-0.01756720244884491,1.0
33998,0.0,-0.01756720244884491,1.0
33999,0.0,-0.01756720244884491,1.0
34000,0.0,-0.01756720244884491,1.0
34001,0.0,-0.01756720244884491,1.0
34002,0.0,-0.01756720244884491,1.0
34003,0.0,-0.01756720244884491,1.0
34004,0.0,-0.01756720244884491,1.0
34005,0.0,-0.01756720244884491,1.0
34006,0.0,-0.01756666600704193,1.0
34007,0.0,-0.017566129565238953,1.0
34008,0.0,-0.017566129565238953,1.0
34009,0.0,-0.017566129565238953,1.0
34010,0.0,-0.017566129565238953,1.0
34011,0.0,-0.01756666600704193,1.0
34012,0.0,-0.01756720244884491,1.0
34013,0.0,-0.01756720244884491,1.0
34014,0.0,-0.01756720244884491,1.0
34015,0.0,-0.017567738890647888,1.0
34016,0.0,-0.017567738890647888,1.0
34017,0.0,-0.017567738890647888,1.0
34018,0.0,-0.017567738890647888,1.0
34019,0.0,-0.017567738890647888,1.0
34020,0.0,-0.01756720244884491,1.0
34021,0.0,-0.017567738890647888,1.0
34022,0.0,-0.017567738890647888,1.0
34023,0.0,-0.017567738890647888,1.0
34024,0.0,-0.01756720244884491,1.0
34025,0.0,-0.01756720244884491,1.0
34026,0.0,-0.01756720244884491,1.0
34027,0.0,-0.01756720244884491,1.0
34028,0.0,-0.01756720244884491,1.0
34029,0.0,-0.01756666600704193,1.0
34030,0.0,-0.01756666600704193,1.0
34031,0.0,-0.01756720244884491,1.0
34032,0.0,-0.01756720244884491,1.0
34033,0.0,-0.01756720244884491,1.0
34034,0.0,-0.01756720244884491,1.0
34035,0.0,-0.01756720244884491,1.0
34036,0.0,-0.017568930983543396,1.0
34037,0.0,-0.017567738890647888,1.0
34038,0.0,-0.017567738890647888,1.0
34039,0.0,-0.01756720244884491,1.0
34040,0.0,-0.01756720244884491,1.0
34041,0.0,-0.01756720244884491,1.0
34042,0.0,-0.01756720244884491,1.0
34043,0.0,-0.01756720244884491,1.0
34044,0.0,-0.01756720244884491,1.0
34045,0.0,-0.01756720244884491,1.0
34046,0.0,-0.01756720244884491,1.0
34047,0.0,-0.01756720244884491,1.0
34048,0.0,-0.01756720244884491,1.0
34049,0.0,-0.01756720244884491,1.0
34050,0.0,-0.01756720244884491,1.0
34051,0.0,-0.01756720244884491,1.0
34052,0.0,-0.01756720244884491,1.0
34053,0.0,-0.01756720244884491,1.0
34054,0.0,-0.01756720244884491,1.0
34055,0.0,-0.01756720244884491,1.0
34056,0.0,-0.01756666600704193,1.0
34057,0.0,-0.01756720244884491,1.0
34058,0.0,-0.01756720244884491,1.0
34059,0.0,-0.01756720244884491,1.0
34060,0.0,-0.01756720244884491,1.0
34061,0.0,-0.01756666600704193,1.0
34062,0.0,-0.017566129565238953,1.0
34063,0.0,-0.01756666600704193,1.0
34064,0.0,-0.01756666600704193,1.0
34065,0.0,-0.01756666600704193,1.0
34066,0.0,-0.01756720244884491,1.0
34067,0.0,-0.01756720244884491,1.0
34068,0.0,-0.01756720244884491,1.0
34069,0.0,-0.01756720244884491,1.0
34070,0.0,-0.017567738890647888,1.0
34071,0.0,-0.017567738890647888,1.0
34072,0.0,-0.01756720244884491,1.0
34073,0.0,-0.017567738890647888,1.0
34074,0.0,-0.01756720244884491,1.0
34075,0.0,-0.017567738890647888,1.0
34076,0.0,-0.01756720244884491,1.0
34077,0.0,-0.01756720244884491,1.0
34078,0.0,-0.01756720244884491,1.0
34079,0.0,-0.01756720244884491,1.0
34080,0.0,-0.01756720244884491,1.0
34081,0.0,-0.01756720244884491,1.0
34082,0.0,-0.01756720244884491,1.0
34083,0.0,-0.01756720244884491,1.0
34085,0.0,-0.01756720244884491,1.0
34086,0.0,-0.01756720244884491,1.0
34087,0.0,-0.01756720244884491,1.0
34088,0.0,-0.01756720244884491,1.0
34089,0.0,-0.01756720244884491,1.0
34090,0.0,-0.01756720244884491,1.0
34091,0.0,-0.01756720244884491,1.0
34092,0.0,-0.01756720244884491,1.0
34093,0.0,-0.01756720244884491,1.0
34094,0.0,-0.01756720244884491,1.0
34095,0.0,-0.01756720244884491,1.0
34096,0.0,-0.01756720244884491,1.0
34097,0.0,-0.01756720244884491,1.0
34098,0.0,-0.01756720244884491,1.0
34099,0.0,-0.01756720244884491,1.0
34100,0.0,-0.01756720244884491,1.0
34101,0.0,-0.01756666600704193,1.0
34102,0.0,-0.01756666600704193,1.0
34103,0.0,-0.01756666600704193,1.0
34104,0.0,-0.01756666600704193,1.0
34105,0.0,-0.01756666600704193,1.0
34106,0.0,-0.01756666600704193,1.0
34107,0.0,-0.01756720244884491,1.0
34108,0.0,-0.01756720244884491,1.0
34109,0.0,-0.01756720244884491,1.0
34111,0.0,-0.01756720244884491,1.0
34112,0.0,-0.01756720244884491,1.0
34113,0.0,-0.01756720244884491,1.0
34114,0.0,-0.017565473914146423,1.0
34115,0.0,-0.01756666600704193,1.0
34116,0.0,-0.01756666600704193,1.0
34117,0.0,-0.01756666600704193,1.0
34118,0.0,-0.01756666600704193,1.0
34119,0.0,-0.01756666600704193,1.0
34120,0.0,-0.01756720244884491,1.0
34121,0.0,-0.01756720244884491,1.0
34122,0.0,-0.01756720244884491,1.0
34123,0.0,-0.01756720244884491,1.0
34124,0.0,-0.01756720244884491,1.0
34125,0.0,-0.01756720244884491,1.0
34126,0.0,-0.01756720244884491,1.0
34127,0.0,-0.01756720244884491,1.0
34128,0.0,-0.01756720244884491,1.0
34129,0.0,-0.01756720244884491,1.0
34130,0.0,-0.01756720244884491,1.0
34131,0.0,-0.01756666600704193,1.0
34132,0.0,-0.01756720244884491,1.0
34133,0.0,-0.01756666600704193,1.0
34134,0.0,-0.01756666600704193,1.0
34135,0.0,-0.01756666600704193,1.0
34136,0.0,-0.01756720244884491,1.0
34137,0.0,-0.01756720244884491,1.0
34138,0.0,-0.017567738890647888,1.0
34139,0.0,-0.017567738890647888,1.0
34140,0.0,-0.017567738890647888,1.0
34141,0.0,-0.017567738890647888,1.0
34142,0.0,-0.01756720244884491,1.0
34143,0.0,-0.01756720244884491,1.0
34144,0.0,-0.01756720244884491,1.0
34145,0.0,-0.01756720244884491,1.0
34146,0.0,-0.01756720244884491,1.0
34147,0.0,-0.017565473914146423,1.0
34148,0.0,-0.01756666600704193,1.0
34149,0.0,-0.01756666600704193,1.0
34150,0.0,-0.01756720244884491,1.0
34151,0.0,-0.01756720244884491,1.0
34152,0.0,-0.01756720244884491,1.0
34153,0.0,-0.01756720244884491,1.0
34154,0.0,-0.01756720244884491,1.0
34155,0.0,-0.01756720244884491,1.0
34156,0.0,-0.01756720244884491,1.0
34157,0.0,-0.01756720244884491,1.0
34158,0.0,-0.01756720244884491,1.0
34159,0.0,-0.01756720244884491,1.0
34160,0.0,-0.01756720244884491,1.0
34161,0.0,-0.01756720244884491,1.0
34162,0.0,-0.01756720244884491,1.0
34163,0.0,-0.01756720244884491,1.0
34164,0.0,-0.01756720244884491,1.0
34165,0.0,-0.01756720244884491,1.0
34166,0.0,-0.01756720244884491,1.0
34167,0.0,-0.01756720244884491,1.0
34168,0.0,-0.01756720244884491,1.0
34169,0.0,-0.01756720244884491,1.0
34170,0.0,-0.01756720244884491,1.0
34171,0.0,-0.01756720244884491,1.0
34172,0.0,-0.01756720244884491,1.0
34173,0.0,-0.01756720244884491,1.0
34174,0.0,-0.01756720244884491,1.0
34175,0.0,-0.01756720244884491,1.0
34176,0.0,-0.01756720244884491,1.0
34177,0.0,-0.01756720244884491,1.0
34178,0.0,-0.01756720244884491,1.0
34179,0.0,-0.01756720244884491,1.0
34180,0.0,-0.01756720244884491,1.0
34181,0.0,-0.01756720244884491,1.0
34182,0.0,-0.01756720244884491,1.0
34183,0.0,-0.01756720244884491,1.0
34184,0.0,-0.01756720244884491,1.0
34185,0.0,-0.01756720244884491,1.0
34186,0.0,-0.01756720244884491,1.0
34187,0.0,-0.01756720244884491,1.0
34188,0.0,-0.01756720244884491,1.0
34189,0.0,-0.017567738890647888,1.0
34190,0.0,-0.01756720244884491,1.0
34191,0.0,-0.01756720244884491,1.0
34192,0.0,-0.01756720244884491,1.0
34193,0.0,-0.01756720244884491,1.0
34194,0.0,-0.01756720244884491,1.0
34195,0.0,-0.01756720244884491,1.0
34196,0.0,-0.01756720244884491,1.0
34197,0.0,-0.01756720244884491,1.0
34198,0.0,-0.01756720244884491,1.0
34199,0.0,-0.01756720244884491,1.0
34200,0.0,-0.01756720244884491,1.0
34201,0.0,-0.01756720244884491,1.0
34202,0.0,-0.01756720244884491,1.0
34203,0.0,-0.01756720244884491,1.0
34204,0.0,-0.01756720244884491,1.0
34205,0.0,-0.01756720244884491,1.0
34206,0.0,-0.01756720244884491,1.0
34207,0.0,-0.01756720244884491,1.0
34208,0.0,-0.017566129565238953,1.0
34209,0.0,-0.017566129565238953,1.0
34210,0.0,-0.017566129565238953,1.0
34211,0.0,-0.01756666600704193,1.0
34212,0.0,-0.01756666600704193,1.0
34213,0.0,-0.01756720244884491,1.0
34214,0.0,-0.01756720244884491,1.0
34215,0.0,-0.01756720244884491,1.0
34216,0.0,-0.01756666600704193,1.0
34217,0.0,-0.01756666600704193,1.0
34218,0.0,-0.01756720244884491,1.0
34219,0.0,-0.01756720244884491,1.0
34220,0.0,-0.01756720244884491,1.0
34221,0.0,-0.01756666600704193,1.0
34222,0.0,-0.01756720244884491,1.0
34223,0.0,-0.01756720244884491,1.0
34224,0.0,-0.01756720244884491,1.0
34225,0.0,-0.01756720244884491,1.0
34226,0.0,-0.017567738890647888,1.0
34228,0.0,-0.017567738890647888,1.0
34229,0.0,-0.017567738890647888,1.0
34230,0.0,-0.017567738890647888,1.0
34231,0.0,-0.01756720244884491,1.0
34232,0.0,-0.01756720244884491,1.0
34233,0.0,-0.01756720244884491,1.0
34234,0.0,-0.01756720244884491,1.0
34235,0.0,-0.01756720244884491,1.0
34236,0.0,-0.01756720244884491,1.0
34237,0.0,-0.01756666600704193,1.0
34238,0.0,-0.01756666600704193,1.0
34239,0.0,-0.01756666600704193,1.0
34240,0.0,-0.01756666600704193,1.0
34241,0.0,-0.01756720244884491,1.0
34242,0.0,-0.01756720244884491,1.0
34243,0.0,-0.01756720244884491,1.0
34244,0.0,-0.01756720244884491,1.0
34245,0.0,-0.017567738890647888,1.0
34246,0.0,-0.017567738890647888,1.0
34247,0.0,-0.017567738890647888,1.0
34248,0.0,-0.017567738890647888,1.0
34249,0.0,-0.017567738890647888,1.0
34250,0.0,-0.01756720244884491,1.0
34251,0.0,-0.01756720244884491,1.0
34252,0.0,-0.01756720244884491,1.0
34253,0.0,-0.01756720244884491,1.0
34254,0.0,-0.01756720244884491,1.0
34255,0.0,-0.01756720244884491,1.0
34256,0.0,-0.01756720244884491,1.0
34257,0.0,-0.01756720244884491,1.0
34258,0.0,-0.01756720244884491,1.0
34259,0.0,-0.01756720244884491,1.0
34260,0.0,-0.01756720244884491,1.0
34261,0.0,-0.01756720244884491,1.0
34262,0.0,-0.01756720244884491,1.0
34263,0.0,-0.01756720244884491,1.0
34264,0.0,-0.01756720244884491,1.0
34265,0.0,-0.01756720244884491,1.0
34266,0.0,-0.01756720244884491,1.0
34267,0.0,-0.01756720244884491,1.0
34268,0.0,-0.01756666600704193,1.0
34269,0.0,-0.017566129565238953,1.0
34270,0.0,-0.017566129565238953,1.0
34271,0.0,-0.017566129565238953,1.0
34272,0.0,-0.017566129565238953,1.0
34273,0.0,-0.01756666600704193,1.0
34274,0.0,-0.01756720244884491,1.0
34275,0.0,-0.01756720244884491,1.0
34276,0.0,-0.01756720244884491,1.0
34277,0.0,-0.01756720244884491,1.0
34278,0.0,-0.017567738890647888,1.0
34279,0.0,-0.017567738890647888,1.0
34280,0.0,-0.017567738890647888,1.0
34281,0.0,-0.017567738890647888,1.0
34282,0.0,-0.01756720244884491,1.0
34283,0.0,-0.01756720244884491,1.0
34284,0.0,-0.01756720244884491,1.0
34285,0.0,-0.01756720244884491,1.0
34286,0.0,-0.01756720244884491,1.0
34287,0.0,-0.01756720244884491,1.0
34288,0.0,-0.01756720244884491,1.0
34289,0.0,-0.01756666600704193,1.0
34290,0.0,-0.01756666600704193,1.0
34291,0.0,-0.01756720244884491,1.0
34292,0.0,-0.01756720244884491,1.0
34293,0.0,-0.01756720244884491,1.0
34294,0.0,-0.01756720244884491,1.0
34295,0.0,-0.01756720244884491,1.0
34296,0.0,-0.01756720244884491,1.0
34297,0.0,-0.017568930983543396,1.0
34298,0.0,-0.017567738890647888,1.0
34299,0.0,-0.017567738890647888,1.0
34300,0.0,-0.017567738890647888,1.0
34301,0.0,-0.017567738890647888,1.0
34302,0.0,-0.017567738890647888,1.0
34303,0.0,-0.017567738890647888,1.0
34304,0.0,-0.01756720244884491,1.0
34305,0.0,-0.01756720244884491,1.0
34306,0.0,-0.01756720244884491,1.0
34307,0.0,-0.01756720244884491,1.0
34308,0.0,-0.01756720244884491,1.0
34309,0.0,-0.017565473914146423,1.0
34310,0.0,-0.01756666600704193,1.0
34311,0.0,-0.01756666600704193,1.0
34312,0.0,-0.01756666600704193,1.0
34313,0.0,-0.01756720244884491,1.0
34314,0.0,-0.01756720244884491,1.0
34315,0.0,-0.01756720244884491,1.0
34316,0.0,-0.01756720244884491,1.0
34317,0.0,-0.01756720244884491,1.0
34318,0.0,-0.01756720244884491,1.0
34319,0.0,-0.01756720244884491,1.0
34320,0.0,-0.01756720244884491,1.0
34321,0.0,-0.01756720244884491,1.0
34322,0.0,-0.01756720244884491,1.0
34323,0.0,-0.01756666600704193,1.0
34324,0.0,-0.01756666600704193,1.0
34325,0.0,-0.01756666600704193,1.0
34326,0.0,-0.01756666600704193,1.0
34327,0.0,-0.01756720244884491,1.0
34328,0.0,-0.01756720244884491,1.0
34329,0.0,-0.01756720244884491,1.0
34330,0.0,-0.017567738890647888,1.0
34331,0.0,-0.017567738890647888,1.0
34332,0.0,-0.017567738890647888,1.0
34333,0.0,-0.01756720244884491,1.0
34334,0.0,-0.017567738890647888,1.0
34335,0.0,-0.017567738890647888,1.0
34336,0.0,-0.01756720244884491,1.0
34337,0.0,-0.01756720244884491,1.0
34338,0.0,-0.01756720244884491,1.0
34339,0.0,-0.01756720244884491,1.0
34340,0.0,-0.01756720244884491,1.0
34341,0.0,-0.01756720244884491,1.0
34342,0.0,-0.01756720244884491,1.0
34343,0.0,-0.01756666600704193,1.0
34344,0.0,-0.01756666600704193,1.0
34345,0.0,-0.01756666600704193,1.0
34346,0.0,-0.01756666600704193,1.0
34347,0.0,-0.01756666600704193,1.0
34348,0.0,-0.01756666600704193,1.0
34349,0.0,-0.01756720244884491,1.0
34350,0.0,-0.01756720244884491,1.0
34351,0.0,-0.01756720244884491,1.0
34352,0.0,-0.01756720244884491,1.0
34353,0.0,-0.01756720244884491,1.0
34354,0.0,-0.01756720244884491,1.0
34355,0.0,-0.01756720244884491,1.0
34356,0.0,-0.01756720244884491,1.0
34357,0.0,-0.01756720244884491,1.0
34358,0.0,-0.01756720244884491,1.0
34359,0.0,-0.01756720244884491,1.0
34360,0.0,-0.01756720244884491,1.0
34361,0.0,-0.01756720244884491,1.0
34362,0.0,-0.01756720244884491,1.0
34363,0.0,-0.01756720244884491,1.0
34365,0.0,-0.01756720244884491,1.0
34366,0.0,-0.01756720244884491,1.0
34367,0.0,-0.01756720244884491,1.0
34368,0.0,-0.01756720244884491,1.0
34369,0.0,-0.01756720244884491,1.0
34370,0.0,-0.01756720244884491,1.0
34371,0.0,-0.01756720244884491,1.0
34372,0.0,-0.01756720244884491,1.0
34373,0.0,-0.01756720244884491,1.0
34374,0.0,-0.01756666600704193,1.0
34375,0.0,-0.01756666600704193,1.0
34376,0.0,-0.01756720244884491,1.0
34377,0.0,-0.01756666600704193,1.0
34378,0.0,-0.01756666600704193,1.0
34379,0.0,-0.01756720244884491,1.0
34380,0.0,-0.01756720244884491,1.0
34381,0.0,-0.01756720244884491,1.0
34382,0.0,-0.017567738890647888,1.0
34383,0.0,-0.017567738890647888,1.0
34384,0.0,-0.017567738890647888,1.0
34385,0.0,-0.017567738890647888,1.0
34386,0.0,-0.017567738890647888,1.0
34387,0.0,-0.017567738890647888,1.0
34388,0.0,-0.017567738890647888,1.0
34389,0.0,-0.01756720244884491,1.0
34390,0.0,-0.01756720244884491,1.0
34391,0.0,-0.01756720244884491,1.0
34392,0.0,-0.01756720244884491,1.0
34393,0.0,-0.01756720244884491,1.0
34394,0.0,-0.01756666600704193,1.0
34395,0.0,-0.01756666600704193,1.0
34396,0.0,-0.01756720244884491,1.0
34397,0.0,-0.01756720244884491,1.0
34398,0.0,-0.01756720244884491,1.0
34399,0.0,-0.01756720244884491,1.0
34400,0.0,-0.01756720244884491,1.0
34401,0.0,-0.01756720244884491,1.0
34402,0.0,-0.01756720244884491,1.0
34403,0.0,-0.01756720244884491,1.0
34404,0.0,-0.01756720244884491,1.0
34405,0.0,-0.01756720244884491,1.0
34406,0.0,-0.01756720244884491,1.0
34407,0.0,-0.01756720244884491,1.0
34408,0.0,-0.01756720244884491,1.0
34409,0.0,-0.01756720244884491,1.0
34410,0.0,-0.01756720244884491,1.0
34411,0.0,-0.01756720244884491,1.0
34412,0.0,-0.01756720244884491,1.0
34413,0.0,-0.01756720244884491,1.0
34414,0.0,-0.01756720244884491,1.0
34415,0.0,-0.01756720244884491,1.0
34416,0.0,-0.01756720244884491,1.0
34417,0.0,-0.01756720244884491,1.0
34418,0.0,-0.01756720244884491,1.0
34419,0.0,-0.01756720244884491,1.0
34420,0.0,-0.01756720244884491,1.0
34421,0.0,-0.01756720244884491,1.0
34422,0.0,-0.01756720244884491,1.0
34423,0.0,-0.01756720244884491,1.0
34424,0.0,-0.01756720244884491,1.0
34425,0.0,-0.01756720244884491,1.0
34426,0.0,-0.01756720244884491,1.0
34427,0.0,-0.01756720244884491,1.0
34428,0.0,-0.01756720244884491,1.0
34429,0.0,-0.01756666600704193,1.0
34430,0.0,-0.01756666600704193,1.0
34431,0.0,-0.01756666600704193,1.0
34432,0.0,-0.01756720244884491,1.0
34433,0.0,-0.01756666600704193,1.0
34434,0.0,-0.01756720244884491,1.0
34435,0.0,-0.01756720244884491,1.0
34436,0.0,-0.017567738890647888,1.0
34437,0.0,-0.017567738890647888,1.0
34438,0.0,-0.017567738890647888,1.0
34439,0.0,-0.017567738890647888,1.0
34440,0.0,-0.017566010355949402,1.0
34442,0.0,-0.017566010355949402,1.0
34443,0.0,-0.01756720244884491,1.0
34445,0.0,-0.01756720244884491,1.0
34446,0.0,-0.01756720244884491,1.0
34447,0.0,-0.01756720244884491,1.0
34448,0.0,-0.01756720244884491,1.0
34449,0.0,-0.01756666600704193,1.0
34450,0.0,-0.01756720244884491,1.0
34451,0.0,-0.01756666600704193,1.0
34452,0.0,-0.01756666600704193,1.0
34453,0.0,-0.017566129565238953,1.0
34454,0.0,-0.01756666600704193,1.0
34455,0.0,-0.01756720244884491,1.0
34456,0.0,-0.01756720244884491,1.0
34457,0.0,-0.01756720244884491,1.0
34458,0.0,-0.017567738890647888,1.0
34459,0.0,-0.017567738890647888,1.0
34460,0.0,-0.017567738890647888,1.0
34461,0.0,-0.017567738890647888,1.0
34462,0.0,-0.017567738890647888,1.0
34463,0.0,-0.01756720244884491,1.0
34464,0.0,-0.01756720244884491,1.0
34466,0.0,-0.01756720244884491,1.0
34467,0.0,-0.01756720244884491,1.0
34468,0.0,-0.01756720244884491,1.0
34469,0.0,-0.01756720244884491,1.0
34470,0.0,-0.01756720244884491,1.0
34471,0.0,-0.01756720244884491,1.0
34472,0.0,-0.01756720244884491,1.0
34473,0.0,-0.01756720244884491,1.0
34474,0.0,-0.01756720244884491,1.0
34475,0.0,-0.01756720244884491,1.0
34476,0.0,-0.01756720244884491,1.0
34477,0.0,-0.01756720244884491,1.0
34478,0.0,-0.01756720244884491,1.0
34479,0.0,-0.01756720244884491,1.0
34480,0.0,-0.01756720244884491,1.0
34481,0.0,-0.01756720244884491,1.0
34482,0.0,-0.01756720244884491,1.0
34483,0.0,-0.01756666600704193,1.0
34484,0.0,-0.01756666600704193,1.0
34485,0.0,-0.01756666600704193,1.0
34486,0.0,-0.01756666600704193,1.0
34487,0.0,-0.01756666600704193,1.0
34488,0.0,-0.01756666600704193,1.0
34489,0.0,-0.01756720244884491,1.0
34490,0.0,-0.01756720244884491,1.0
34491,0.0,-0.01756720244884491,1.0
34492,0.0,-0.01756720244884491,1.0
34493,0.0,-0.01756720244884491,1.0
34494,0.0,-0.01756720244884491,1.0
34495,0.0,-0.01756720244884491,1.0
34496,0.0,-0.01756720244884491,1.0
34497,0.0,-0.01756720244884491,1.0
34498,0.0,-0.01756720244884491,1.0
34499,0.0,-0.01756720244884491,1.0
34500,0.0,-0.01756720244884491,1.0
34501,0.0,-0.01756720244884491,1.0
34502,0.0,-0.01756720244884491,1.0
34503,0.0,-0.01756720244884491,1.0
34504,0.0,-0.01756720244884491,1.0
34505,0.0,-0.01756720244884491,1.0
34506,0.0,-0.01756720244884491,1.0
34507,0.0,-0.01756720244884491,1.0
34508,0.0,-0.01756720244884491,1.0
34509,0.0,-0.01756720244884491,1.0
34510,0.0,-0.01756720244884491,1.0
34511,0.0,-0.01756720244884491,1.0
34512,0.0,-0.01756720244884491,1.0
34513,0.0,-0.01756720244884491,1.0
34514,0.0,-0.01756720244884491,1.0
34515,0.0,-0.01756720244884491,1.0
34516,0.0,-0.01756720244884491,1.0
34517,0.0,-0.01756720244884491,1.0
34518,0.0,-0.017567738890647888,1.0
34519,0.0,-0.017567738890647888,1.0
34520,0.0,-0.017567738890647888,1.0
34521,0.0,-0.01756720244884491,1.0
34522,0.0,-0.01756720244884491,1.0
34523,0.0,-0.01756720244884491,1.0
34524,0.0,-0.01756720244884491,1.0
34525,0.0,-0.01756666600704193,1.0
34526,0.0,-0.01756666600704193,1.0
34527,0.0,-0.01756666600704193,1.0
34528,0.0,-0.01756666600704193,1.0
34529,0.0,-0.01756666600704193,1.0
34530,0.0,-0.01756666600704193,1.0
34531,0.0,-0.01756666600704193,1.0
34532,0.0,-0.01756666600704193,1.0
34533,0.0,-0.01756720244884491,1.0
34534,0.0,-0.01756666600704193,1.0
34535,0.0,-0.01756720244884491,1.0
34536,0.0,-0.01756666600704193,1.0
34537,0.0,-0.017566129565238953,1.0
34538,0.0,-0.017566129565238953,1.0
34539,0.0,-0.01756666600704193,1.0
34540,0.0,-0.01756666600704193,1.0
34541,0.0,-0.01756720244884491,1.0
34542,0.0,-0.01756720244884491,1.0
34543,0.0,-0.01756720244884491,1.0
34544,0.0,-0.01756720244884491,1.0
34545,0.0,-0.01756720244884491,1.0
34546,0.0,-0.017567738890647888,1.0
34547,0.0,-0.01756720244884491,1.0
34548,0.0,-0.01756720244884491,1.0
34549,0.0,-0.01756720244884491,1.0
34550,0.0,-0.01756720244884491,1.0
34551,0.0,-0.01756720244884491,1.0
34552,0.0,-0.01756720244884491,1.0
34553,0.0,-0.01756666600704193,1.0
34554,0.0,-0.01756666600704193,1.0
34555,0.0,-0.01756666600704193,1.0
34556,0.0,-0.01756666600704193,1.0
34557,0.0,-0.01756666600704193,1.0
34558,0.0,-0.01756720244884491,1.0
34559,0.0,-0.01756720244884491,1.0
34560,0.0,-0.01756720244884491,1.0
34561,0.0,-0.01756720244884491,1.0
34562,0.0,-0.01756720244884491,1.0
34563,0.0,-0.017567738890647888,1.0
34564,0.0,-0.017567738890647888,1.0
34565,0.0,-0.017567738890647888,1.0
34566,0.0,-0.017567738890647888,1.0
34567,0.0,-0.01756720244884491,1.0
34568,0.0,-0.01756720244884491,1.0
34569,0.0,-0.01756720244884491,1.0
34570,0.0,-0.01756720244884491,1.0
34571,0.0,-0.01756720244884491,1.0
34572,0.0,-0.01756720244884491,1.0
34573,0.0,-0.01756720244884491,1.0
34574,0.0,-0.01756720244884491,1.0
34575,0.0,-0.01756720244884491,1.0
34576,0.0,-0.01756720244884491,1.0
34577,0.0,-0.01756720244884491,1.0
34578,0.0,-0.01756720244884491,1.0
34579,0.0,-0.01756720244884491,1.0
34580,0.0,-0.01756720244884491,1.0
34581,0.0,-0.01756720244884491,1.0
34582,0.0,-0.01756720244884491,1.0
34583,0.0,-0.01756666600704193,1.0
34584,0.0,-0.01756666600704193,1.0
34585,0.0,-0.01756720244884491,1.0
34586,0.0,-0.01756720244884491,1.0
34587,0.0,-0.01756720244884491,1.0
34588,0.0,-0.01756666600704193,1.0
34589,0.0,-0.01756666600704193,1.0
34590,0.0,-0.01756720244884491,1.0
34591,0.0,-0.01756666600704193,1.0
34592,0.0,-0.01756666600704193,1.0
34593,0.0,-0.01756666600704193,1.0
34594,0.0,-0.01756666600704193,1.0
34595,0.0,-0.01756666600704193,1.0
34596,0.0,-0.017566129565238953,1.0
34597,0.0,-0.01756666600704193,1.0
34598,0.0,-0.01756666600704193,1.0
34599,0.0,-0.01756720244884491,1.0
34600,0.0,-0.01756720244884491,1.0
34601,0.0,-0.01756720244884491,1.0
34602,0.0,-0.01756720244884491,1.0
34603,0.0,-0.01756720244884491,1.0
34604,0.0,-0.01756720244884491,1.0
34605,0.0,-0.01756720244884491,1.0
34606,0.0,-0.017567738890647888,1.0
34607,0.0,-0.017567738890647888,1.0
34608,0.0,-0.01756720244884491,1.0
34609,0.0,-0.01756720244884491,1.0
34611,0.0,-0.01756720244884491,1.0
34612,0.0,-0.01756720244884491,1.0
34613,0.0,-0.01756720244884491,1.0
34614,0.0,-0.01756720244884491,1.0
34615,0.0,-0.01756720244884491,1.0
34616,0.0,-0.01756720244884491,1.0
34617,0.0,-0.01756720244884491,1.0
34618,0.0,-0.01756720244884491,1.0
34619,0.0,-0.01756720244884491,1.0
34620,0.0,-0.01756720244884491,1.0
34621,0.0,-0.01756720244884491,1.0
34622,0.0,-0.01756666600704193,1.0
34623,0.0,-0.01756666600704193,1.0
34624,0.0,-0.01756666600704193,1.0
34625,0.0,-0.01756720244884491,1.0
34626,0.0,-0.01756720244884491,1.0
34627,0.0,-0.01756720244884491,1.0
34628,0.0,-0.01756720244884491,1.0
34629,0.0,-0.01756720244884491,1.0
34630,0.0,-0.01756720244884491,1.0
34632,0.0,-0.01756720244884491,1.0
34633,0.0,-0.01756720244884491,1.0
34634,0.0,-0.01756720244884491,1.0
34635,0.0,-0.01756720244884491,1.0
34636,0.0,-0.01756720244884491,1.0
34637,0.0,-0.01756720244884491,1.0
34638,0.0,-0.01756720244884491,1.0
34639,0.0,-0.01756720244884491,1.0
34640,0.0,-0.01756720244884491,1.0
34641,0.0,-0.01756720244884491,1.0
34642,0.0,-0.01756720244884491,1.0
34643,0.0,-0.01756720244884491,1.0
34644,0.0,-0.01756720244884491,1.0
34645,0.0,-0.01756720244884491,1.0
34646,0.0,-0.01756720244884491,1.0
34647,0.0,-0.017567738890647888,1.0
34648,0.0,-0.017567738890647888,1.0
34649,0.0,-0.017567738890647888,1.0
34650,0.0,-0.017567738890647888,1.0
34651,0.0,-0.017567738890647888,1.0
34652,0.0,-0.01756720244884491,1.0
34653,0.0,-0.01756666600704193,1.0
34654,0.0,-0.017566129565238953,1.0
34655,0.0,-0.01756785809993744,1.0
34656,0.0,-0.01756666600704193,1.0
34657,0.0,-0.01756666600704193,1.0
34658,0.0,-0.01756720244884491,1.0
34659,0.0,-0.01756666600704193,1.0
34660,0.0,-0.01756666600704193,1.0
34661,0.0,-0.017566129565238953,1.0
34662,0.0,-0.01756666600704193,1.0
34663,0.0,-0.01756666600704193,1.0
34664,0.0,-0.01756666600704193,1.0
34665,0.0,-0.01756720244884491,1.0
34666,0.0,-0.01756720244884491,1.0
34667,0.0,-0.01756720244884491,1.0
34668,0.0,-0.017567738890647888,1.0
34669,0.0,-0.017567738890647888,1.0
34670,0.0,-0.017567738890647888,1.0
34671,0.0,-0.01756720244884491,1.0
34672,0.0,-0.01756720244884491,1.0
34673,0.699999988079071,-0.017575008794665337,0.0
34674,0.699999988079071,-0.017582815140485764,0.0
34675,0.699999988079071,-0.017588671296834946,0.0
34676,0.699999988079071,-0.017599843442440033,0.0
34677,0.699999988079071,-0.017608188092708588,0.0
34678,0.699999988079071,-0.01761794649064541,0.0
34679,0.699999988079071,-0.017629118636250496,0.0
